{
"type": "FeatureCollection",
"name": "precinct",
"crs": { "type": "name", "properties": { "name": "urn:ogc:def:crs:OGC:1.3:CRS84" } },
"features": [
{ "type": "Feature", "properties": { "AREALAND": 7713965, "AREAWATER": 84327, "BASENAME": "CENTER PRECINCT 04", "CENTLAT": "+38.0385930", "CENTLON": "-087.4919271", "COUNTY": "163", "FUNCSTAT": "N", "GEOID": "18163000050", "HU100": 974, "INTPTLAT": "+38.0412974", "INTPTLON": "-087.5019376", "LSADC": "00", "MTFCC": "G5240", "NAME": "CENTER PRECINCT 04", "OBJECTID": 4401, "OID": "2157010952343572", "POP100": 2277, "STATE": "18", "VTD": "000050", "VTDI": "A" }, "geometry": { "type": "Polygon", "coordinates": [ [ [ -87.470703000092826, 38.034802000079395 ], [ -87.470606000008445, 38.033585000165651 ], [ -87.470953000338085, 38.03305299967726 ], [ -87.471713000221271, 38.032678000267133 ], [ -87.473150000146987, 38.032596000332767 ], [ -87.474896999694082, 38.033255000126204 ], [ -87.475583999782359, 38.032542999981224 ], [ -87.475618000117535, 38.030841999826144 ], [ -87.479086000170781, 38.030151999998374 ], [ -87.47921000001935, 38.026898999821213 ], [ -87.480297999965615, 38.025869000090978 ], [ -87.483145000052858, 38.026728999716177 ], [ -87.484927999584968, 38.028816000187184 ], [ -87.48647699966368, 38.029279000206365 ], [ -87.48961599982897, 38.028509999795659 ], [ -87.491939999859468, 38.027380000308248 ], [ -87.492636999993479, 38.026633999714598 ], [ -87.493063999790735, 38.026953999749935 ], [ -87.494396999959378, 38.026689999715543 ], [ -87.494869999787383, 38.027344000247268 ], [ -87.495828000037307, 38.027586000277736 ], [ -87.497079000190169, 38.027381000172106 ], [ -87.498196000448743, 38.026632999840551 ], [ -87.498236999558316, 38.025863999960762 ], [ -87.499076999807443, 38.024813999735294 ], [ -87.50104099998785, 38.025033999802091 ], [ -87.503838999671288, 38.026596000245547 ], [ -87.508532999763048, 38.02846100012993 ], [ -87.510100000283416, 38.029902999732158 ], [ -87.509556000310297, 38.049811999749409 ], [ -87.473032000146205, 38.049423999874364 ], [ -87.473217000094138, 38.042323000231292 ], [ -87.472982999742399, 38.034944000186812 ], [ -87.470688000024211, 38.035023000336665 ], [ -87.470703000092826, 38.034802000079395 ] ] ] } },
{ "type": "Feature", "properties": { "AREALAND": 4028399, "AREAWATER": 41698, "BASENAME": "PERRY PRECINCT 04", "CENTLAT": "+38.0010631", "CENTLON": "-087.6212123", "COUNTY": "163", "FUNCSTAT": "N", "GEOID": "18163000310", "HU100": 517, "INTPTLAT": "+38.0012474", "INTPTLON": "-087.6157970", "LSADC": "00", "MTFCC": "G5240", "NAME": "PERRY PRECINCT 04", "OBJECTID": 6464, "OID": "2157010952343622", "POP100": 953, "STATE": "18", "VTD": "000310", "VTDI": "A" }, "geometry": { "type": "Polygon", "coordinates": [ [ [ -87.633337000401184, 38.008451999882226 ], [ -87.599902999998577, 38.00765199974213 ], [ -87.600005000105824, 38.000690000091268 ], [ -87.602805000337412, 38.000753000270841 ], [ -87.605702999579961, 38.002579000136016 ], [ -87.610199000203338, 38.003180000297128 ], [ -87.610143999951745, 38.001656000200164 ], [ -87.607788000134178, 37.99846100023337 ], [ -87.609727000200238, 37.996949000274618 ], [ -87.613705999716331, 37.997035000151357 ], [ -87.613709000089386, 37.998834999648665 ], [ -87.618219000058133, 37.998921999689678 ], [ -87.618320000340475, 37.994971000055614 ], [ -87.622658999706701, 37.993775999853433 ], [ -87.625408999709563, 37.992665999710646 ], [ -87.626638999946039, 37.992676000252523 ], [ -87.627016000412894, 37.992301000238484 ], [ -87.627459999928604, 37.992684000118636 ], [ -87.627612000264563, 37.986673000248992 ], [ -87.634341999608466, 37.989398000090937 ], [ -87.63318400024032, 37.993515999840376 ], [ -87.634440000416063, 37.998997999697984 ], [ -87.633970000062774, 38.00208499979091 ], [ -87.635869999770748, 38.004653999679796 ], [ -87.635853999877227, 38.007420999790348 ], [ -87.636919000257251, 38.008475999978039 ], [ -87.633337000401184, 38.008451999882226 ] ] ] } },
{ "type": "Feature", "properties": { "AREALAND": 716178, "AREAWATER": 0, "BASENAME": "WARD 03 PRECINCT 03", "CENTLAT": "+37.9991395", "CENTLON": "-087.5504478", "COUNTY": "163", "FUNCSTAT": "N", "GEOID": "18163000770", "HU100": 622, "INTPTLAT": "+37.9991395", "INTPTLON": "-087.5504478", "LSADC": "00", "MTFCC": "G5240", "NAME": "WARD 03 PRECINCT 03", "OBJECTID": 6503, "OID": "2157010952343782", "POP100": 1174, "STATE": "18", "VTD": "000770", "VTDI": "A" }, "geometry": { "type": "Polygon", "coordinates": [ [ [ -87.555878999663364, 37.994760000315544 ], [ -87.55384500006106, 37.999381000003794 ], [ -87.551798999864914, 37.999319000308077 ], [ -87.551639999856249, 38.0061099999281 ], [ -87.547016000084668, 38.00612500011416 ], [ -87.54740500024711, 37.993878000091541 ], [ -87.556293999765046, 37.993852999852002 ], [ -87.555878999663364, 37.994760000315544 ] ] ] } },
{ "type": "Feature", "properties": { "AREALAND": 1337752, "AREAWATER": 3792, "BASENAME": "WARD 05 PRECINCT 12", "CENTLAT": "+38.0155580", "CENTLON": "-087.5792196", "COUNTY": "163", "FUNCSTAT": "N", "GEOID": "18163001160", "HU100": 1010, "INTPTLAT": "+38.0162514", "INTPTLON": "-087.5794815", "LSADC": "00", "MTFCC": "G5240", "NAME": "WARD 05 PRECINCT 12", "OBJECTID": 29431, "OID": "2157010952343567", "POP100": 1862, "STATE": "18", "VTD": "001160", "VTDI": "A" }, "geometry": { "type": "Polygon", "coordinates": [ [ [ -87.583888000403306, 38.022089000307453 ], [ -87.583926999863067, 38.024001000306441 ], [ -87.581668000129866, 38.024074999975717 ], [ -87.581741999749724, 38.022097999731471 ], [ -87.580755999910707, 38.021657999706058 ], [ -87.573988999858585, 38.021435000283041 ], [ -87.574299000378318, 38.007882999673903 ], [ -87.581442000174064, 38.008155999941835 ], [ -87.581454999694543, 38.009101999938345 ], [ -87.582701999649444, 38.00916399985605 ], [ -87.582750000228359, 38.011197999975309 ], [ -87.584300000131961, 38.013929999877291 ], [ -87.584917999724922, 38.02208100011083 ], [ -87.583888000403306, 38.022089000307453 ] ] ] } },
{ "type": "Feature", "properties": { "AREALAND": 9321606, "AREAWATER": 59934, "BASENAME": "CENTER PRECINCT 14", "CENTLAT": "+38.0635558", "CENTLON": "-087.4897379", "COUNTY": "163", "FUNCSTAT": "N", "GEOID": "18163000150", "HU100": 1135, "INTPTLAT": "+38.0627008", "INTPTLON": "-087.4907290", "LSADC": "00", "MTFCC": "G5240", "NAME": "CENTER PRECINCT 14", "OBJECTID": 29569, "OID": "2157010952343569", "POP100": 3067, "STATE": "18", "VTD": "000150", "VTDI": "A" }, "geometry": { "type": "Polygon", "coordinates": [ [ [ -87.474344000398446, 38.049422000041048 ], [ -87.504940999861233, 38.049643000036596 ], [ -87.504853999822615, 38.056047999674064 ], [ -87.507084999966679, 38.056066000079291 ], [ -87.507065999700117, 38.056998999696525 ], [ -87.513361999574045, 38.057093999922081 ], [ -87.515047000095194, 38.054833000282628 ], [ -87.499527999894141, 38.078498000150873 ], [ -87.47249900004374, 38.078162000349188 ], [ -87.473032000146205, 38.049423999874364 ], [ -87.474344000398446, 38.049422000041048 ] ] ] } },
{ "type": "Feature", "properties": { "AREALAND": 8197598, "AREAWATER": 101131, "BASENAME": "GERMAN PRECINCT 01", "CENTLAT": "+38.0232412", "CENTLON": "-087.6190681", "COUNTY": "163", "FUNCSTAT": "N", "GEOID": "18163000170", "HU100": 411, "INTPTLAT": "+38.0203900", "INTPTLON": "-087.6226046", "LSADC": "00", "MTFCC": "G5240", "NAME": "GERMAN PRECINCT 01", "OBJECTID": 29592, "OID": "2157010952343589", "POP100": 929, "STATE": "18", "VTD": "000170", "VTDI": "A" }, "geometry": { "type": "Polygon", "coordinates": [ [ [ -87.642004000161293, 38.028109000037105 ], [ -87.640861999788356, 38.032525999953755 ], [ -87.641117000056497, 38.03539600026054 ], [ -87.638184999580432, 38.036582000137244 ], [ -87.637279999932275, 38.03644900015923 ], [ -87.634749000212537, 38.037012999970514 ], [ -87.623767999569353, 38.037066999649376 ], [ -87.622306000427599, 38.035254000321885 ], [ -87.616144000447974, 38.035123000278794 ], [ -87.614655999570317, 38.033830999909611 ], [ -87.607456999698073, 38.031276000319956 ], [ -87.606463000361458, 38.030524999961656 ], [ -87.605094000207814, 38.027542999871677 ], [ -87.604053000117219, 38.026863000231508 ], [ -87.603699999939806, 38.026055000304297 ], [ -87.599357000375633, 38.025905000169139 ], [ -87.599902999998577, 38.00765199974213 ], [ -87.616507999597744, 38.007889999874962 ], [ -87.617736000184379, 38.010453999742303 ], [ -87.618988000162176, 38.011780000224881 ], [ -87.631395999787003, 38.019369999871451 ], [ -87.634022999766231, 38.02029099979864 ], [ -87.638900000156099, 38.020614999761648 ], [ -87.638297999558347, 38.021993000013644 ], [ -87.63842999980281, 38.023354999713938 ], [ -87.639208999952587, 38.024515000348273 ], [ -87.641495000348257, 38.026266999735732 ], [ -87.642004000161293, 38.028109000037105 ] ] ] } },
{ "type": "Feature", "properties": { "AREALAND": 3358696, "AREAWATER": 69573, "BASENAME": "PERRY PRECINCT 03", "CENTLAT": "+37.9974088", "CENTLON": "-087.6421954", "COUNTY": "163", "FUNCSTAT": "N", "GEOID": "18163000300", "HU100": 410, "INTPTLAT": "+37.9985473", "INTPTLON": "-087.6464013", "LSADC": "00", "MTFCC": "G5240", "NAME": "PERRY PRECINCT 03", "OBJECTID": 29856, "OID": "2157010952343621", "POP100": 1029, "STATE": "18", "VTD": "000300", "VTDI": "A" }, "geometry": { "type": "Polygon", "coordinates": [ [ [ -87.653913999843752, 38.004667999989984 ], [ -87.651548999805357, 38.006080999701197 ], [ -87.650512999737643, 38.008489000144635 ], [ -87.636919000257251, 38.008475999978039 ], [ -87.63594199974078, 38.007584999999558 ], [ -87.635928000395396, 38.0047889996778 ], [ -87.633982999583253, 38.002165999684379 ], [ -87.634440000416063, 37.998997999697984 ], [ -87.63318400024032, 37.993515999840376 ], [ -87.63458600000591, 37.988163000064574 ], [ -87.635489000004242, 37.986737000142639 ], [ -87.636583999623184, 37.986546999719906 ], [ -87.636693000301449, 37.983862999843595 ], [ -87.64070000030496, 37.98508799987313 ], [ -87.643532000323589, 37.982910000210069 ], [ -87.645795000254736, 37.982368000238502 ], [ -87.645709000041009, 37.987916999949178 ], [ -87.644853999723253, 37.988556999682139 ], [ -87.643395000056245, 37.989028999802159 ], [ -87.643169999925334, 37.990439000266733 ], [ -87.647053999905211, 37.990491999917872 ], [ -87.648002000109386, 37.99173099966071 ], [ -87.649916000061069, 37.995364000328756 ], [ -87.649834000045317, 38.001176000276914 ], [ -87.652329999604945, 38.001633999717875 ], [ -87.653326000388006, 38.002830000209912 ], [ -87.653913999843752, 38.004667999989984 ] ] ] } },
{ "type": "Feature", "properties": { "AREALAND": 1603605, "AREAWATER": 2690, "BASENAME": "WARD 03 PRECINCT 07", "CENTLAT": "+37.9833634", "CENTLON": "-087.5445287", "COUNTY": "163", "FUNCSTAT": "N", "GEOID": "18163000800", "HU100": 511, "INTPTLAT": "+37.9831034", "INTPTLON": "-087.5451358", "LSADC": "00", "MTFCC": "G5240", "NAME": "WARD 03 PRECINCT 07", "OBJECTID": 29857, "OID": "2157010952343641", "POP100": 1051, "STATE": "18", "VTD": "000800", "VTDI": "A" }, "geometry": { "type": "Polygon", "coordinates": [ [ [ -87.556678999729527, 37.97774899982636 ], [ -87.555001999604301, 37.978168999887991 ], [ -87.554365999569669, 37.979156000237332 ], [ -87.553207000376617, 37.979598000053592 ], [ -87.553214999874228, 37.979969999739133 ], [ -87.552007000277371, 37.980216000299869 ], [ -87.550963999638654, 37.981100999866833 ], [ -87.547914000060118, 37.986242000285557 ], [ -87.545116000376694, 37.992060999789835 ], [ -87.538336999730703, 37.991836999889799 ], [ -87.53859399964864, 37.97721699979131 ], [ -87.556687999950356, 37.977031000288164 ], [ -87.556678999729527, 37.97774899982636 ] ] ] } },
{ "type": "Feature", "properties": { "AREALAND": 1326902, "AREAWATER": 0, "BASENAME": "WARD 01 PRECINCT 04", "CENTLAT": "+37.9587121", "CENTLON": "-087.5019847", "COUNTY": "163", "FUNCSTAT": "N", "GEOID": "18163000490", "HU100": 1372, "INTPTLAT": "+37.9587121", "INTPTLON": "-087.5019847", "LSADC": "00", "MTFCC": "G5240", "NAME": "WARD 01 PRECINCT 04", "OBJECTID": 29858, "OID": "2157010952343701", "POP100": 2465, "STATE": "18", "VTD": "000490", "VTDI": "A" }, "geometry": { "type": "Polygon", "coordinates": [ [ [ -87.511235000085335, 37.957121000159212 ], [ -87.511172000336131, 37.962456999941907 ], [ -87.492688000047096, 37.962388999954591 ], [ -87.492847999880667, 37.954974000249116 ], [ -87.511252999628695, 37.955048000162307 ], [ -87.511235000085335, 37.957121000159212 ] ] ] } },
{ "type": "Feature", "properties": { "AREALAND": 1207361, "AREAWATER": 0, "BASENAME": "WARD 01 PRECINCT 10", "CENTLAT": "+37.9659582", "CENTLON": "-087.4680075", "COUNTY": "163", "FUNCSTAT": "N", "GEOID": "18163000550", "HU100": 763, "INTPTLAT": "+37.9659582", "INTPTLON": "-087.4680075", "LSADC": "00", "MTFCC": "G5240", "NAME": "WARD 01 PRECINCT 10", "OBJECTID": 30411, "OID": "2157010952343619", "POP100": 1893, "STATE": "18", "VTD": "000550", "VTDI": "A" }, "geometry": { "type": "Polygon", "coordinates": [ [ [ -87.48349700040535, 37.969297000119397 ], [ -87.459641999982011, 37.969428000253529 ], [ -87.459754000135021, 37.962189999838245 ], [ -87.462965000270316, 37.962188999793597 ], [ -87.463016000323947, 37.959659999821056 ], [ -87.465176000322913, 37.959914000350082 ], [ -87.474997999976438, 37.966015000169953 ], [ -87.479476999983049, 37.967482000090783 ], [ -87.48349700040535, 37.969297000119397 ] ] ] } },
{ "type": "Feature", "properties": { "AREALAND": 1879519, "AREAWATER": 0, "BASENAME": "WARD 05 PRECINCT 04", "CENTLAT": "+37.9943026", "CENTLON": "-087.4928162", "COUNTY": "163", "FUNCSTAT": "N", "GEOID": "18163001100", "HU100": 829, "INTPTLAT": "+37.9943026", "INTPTLON": "-087.4928162", "LSADC": "00", "MTFCC": "G5240", "NAME": "WARD 05 PRECINCT 04", "OBJECTID": 30412, "OID": "2157010952343629", "POP100": 1465, "STATE": "18", "VTD": "001100", "VTDI": "A" }, "geometry": { "type": "Polygon", "coordinates": [ [ [ -87.505396000145893, 37.991365999784037 ], [ -87.504380000169675, 37.991355000124209 ], [ -87.502322000277957, 37.995791000032781 ], [ -87.499588000168615, 37.996626000051045 ], [ -87.497406000428327, 37.996799000034244 ], [ -87.49386800005486, 37.995619000092901 ], [ -87.492493999878334, 37.995532999971658 ], [ -87.49235400013626, 38.002229000011603 ], [ -87.487685999983739, 38.00218800000706 ], [ -87.487686999808659, 38.001673000310873 ], [ -87.483001000112793, 38.001659000136705 ], [ -87.482842999929062, 37.993195000026027 ], [ -87.483090999626185, 37.992575999728246 ], [ -87.492591999787621, 37.990797999746654 ], [ -87.492673999803387, 37.984761000158869 ], [ -87.495051000435666, 37.986644000123903 ], [ -87.501784000152597, 37.988939999993811 ], [ -87.501781999604461, 37.989333999686529 ], [ -87.502283999744805, 37.98923600033082 ], [ -87.506372999764082, 37.991099999695855 ], [ -87.506337999603971, 37.991369000141489 ], [ -87.505396000145893, 37.991365999784037 ] ] ] } },
{ "type": "Feature", "properties": { "AREALAND": 1179169, "AREAWATER": 0, "BASENAME": "WARD 04 PRECINCT 09", "CENTLAT": "+37.9529673", "CENTLON": "-087.5523917", "COUNTY": "163", "FUNCSTAT": "N", "GEOID": "18163000980", "HU100": 943, "INTPTLAT": "+37.9529673", "INTPTLON": "-087.5523917", "LSADC": "00", "MTFCC": "G5240", "NAME": "WARD 04 PRECINCT 09", "OBJECTID": 30413, "OID": "2157010952343639", "POP100": 1958, "STATE": "18", "VTD": "000980", "VTDI": "A" }, "geometry": { "type": "Polygon", "coordinates": [ [ [ -87.559602999809655, 37.955967000156363 ], [ -87.559514999946103, 37.959244999818743 ], [ -87.547871000402438, 37.959184999667052 ], [ -87.548191000069565, 37.942645000291364 ], [ -87.549633999843053, 37.942826000348745 ], [ -87.552337999815165, 37.944478000132221 ], [ -87.552137999798617, 37.943957999858995 ], [ -87.554671000066506, 37.946103000291608 ], [ -87.551701999780533, 37.946001000244493 ], [ -87.551576000282154, 37.948247000211019 ], [ -87.553424000111605, 37.948340000000385 ], [ -87.553409000042976, 37.950177000282977 ], [ -87.554942000228166, 37.950203000025205 ], [ -87.554910000441112, 37.951984000131858 ], [ -87.557180999869843, 37.952022000016093 ], [ -87.557104999701878, 37.954415999843356 ], [ -87.559709999939784, 37.955525999853805 ], [ -87.559602999809655, 37.955967000156363 ] ] ] } },
{ "type": "Feature", "properties": { "AREALAND": 7710517, "AREAWATER": 69618, "BASENAME": "GERMAN PRECINCT 07", "CENTLAT": "+38.0435352", "CENTLON": "-087.6523537", "COUNTY": "163", "FUNCSTAT": "N", "GEOID": "18163000230", "HU100": 403, "INTPTLAT": "+38.0443461", "INTPTLON": "-087.6563737", "LSADC": "00", "MTFCC": "G5240", "NAME": "GERMAN PRECINCT 07", "OBJECTID": 30576, "OID": "2157010952343597", "POP100": 994, "STATE": "18", "VTD": "000230", "VTDI": "A" }, "geometry": { "type": "Polygon", "coordinates": [ [ [ -87.671346999996473, 38.051475000006718 ], [ -87.65337200041877, 38.051558999798722 ], [ -87.653107999929802, 38.065983999884736 ], [ -87.647011000247502, 38.066227000277287 ], [ -87.645333000297384, 38.064868000237951 ], [ -87.644616000071892, 38.063321999764817 ], [ -87.645324999901462, 38.059249999670072 ], [ -87.642880000395422, 38.057611000208972 ], [ -87.641988000267759, 38.056411999856422 ], [ -87.641758000113981, 38.055094000155279 ], [ -87.640404999853871, 38.052073999810304 ], [ -87.638089000219281, 38.047993999713071 ], [ -87.638524000412446, 38.044062999723913 ], [ -87.639753999750624, 38.041548000075316 ], [ -87.641717999931018, 38.039341999759174 ], [ -87.642006999636024, 38.038566000180367 ], [ -87.641117000056497, 38.03539600026054 ], [ -87.640830000001301, 38.032999999656397 ], [ -87.641625999869518, 38.0303349997738 ], [ -87.642011999658905, 38.027535000270547 ], [ -87.641434000248879, 38.026188999929438 ], [ -87.639208999952587, 38.024515000348273 ], [ -87.638491999727108, 38.023504000199289 ], [ -87.638297999558347, 38.021993000013644 ], [ -87.638900000156099, 38.020614999761648 ], [ -87.641034000215811, 38.021440999952731 ], [ -87.666502000291956, 38.036914000220094 ], [ -87.670742999748896, 38.03878100002833 ], [ -87.669915999918544, 38.042087999836369 ], [ -87.671670000036656, 38.047449999874445 ], [ -87.671707999671497, 38.051475000006718 ], [ -87.671346999996473, 38.051475000006718 ] ] ] } },
{ "type": "Feature", "properties": { "AREALAND": 8201015, "AREAWATER": 60744, "BASENAME": "WARD 01 PRECINCT 18", "CENTLAT": "+38.0078010", "CENTLON": "-087.4754485", "COUNTY": "163", "FUNCSTAT": "N", "GEOID": "18163000610", "HU100": 1911, "INTPTLAT": "+38.0067807", "INTPTLON": "-087.4778285", "LSADC": "00", "MTFCC": "G5240", "NAME": "WARD 01 PRECINCT 18", "OBJECTID": 30577, "OID": "2157010952343607", "POP100": 3542, "STATE": "18", "VTD": "000610", "VTDI": "A" }, "geometry": { "type": "Polygon", "coordinates": [ [ [ -87.450145000018509, 38.004173000088841 ], [ -87.462756000032954, 37.997699999975069 ], [ -87.482848999776849, 37.993335000106754 ], [ -87.483001000112793, 38.001659000136705 ], [ -87.487686999808659, 38.001673000310873 ], [ -87.487685999983739, 38.00218800000706 ], [ -87.49235400013626, 38.002229000011603 ], [ -87.492431000129159, 37.998560999813343 ], [ -87.497024999763482, 37.998640000255847 ], [ -87.496858000257234, 38.005925999660974 ], [ -87.492282000166227, 38.005894999755157 ], [ -87.492267000097613, 38.009342999940699 ], [ -87.501353000157366, 38.009049000286737 ], [ -87.501354999807191, 38.012116999825743 ], [ -87.499789000010054, 38.011287999754067 ], [ -87.497921000089136, 38.010926999887594 ], [ -87.496393999751731, 38.011335000121548 ], [ -87.49515799966747, 38.012486000031174 ], [ -87.492909999804951, 38.018960999798473 ], [ -87.492771999712673, 38.021717999736431 ], [ -87.493796000084828, 38.023004999704575 ], [ -87.493847999963364, 38.023488000114199 ], [ -87.492734999902765, 38.024240000336576 ], [ -87.492963000406704, 38.025966000143185 ], [ -87.492205999998248, 38.027070999975599 ], [ -87.492216999868916, 38.020345999733877 ], [ -87.473592999837777, 38.020369000222111 ], [ -87.470426000083393, 38.020125999745325 ], [ -87.468937000279155, 38.012575000286034 ], [ -87.449556999664466, 38.012762000334241 ], [ -87.449445000409781, 38.004529999950236 ], [ -87.450145000018509, 38.004173000088841 ] ] ] } },
{ "type": "Feature", "properties": { "AREALAND": 4928489, "AREAWATER": 135813, "BASENAME": "PERRY PRECINCT 08", "CENTLAT": "+37.9575547", "CENTLON": "-087.6786076", "COUNTY": "163", "FUNCSTAT": "N", "GEOID": "18163000350", "HU100": 491, "INTPTLAT": "+37.9532110", "INTPTLON": "-087.6736995", "LSADC": "00", "MTFCC": "G5240", "NAME": "PERRY PRECINCT 08", "OBJECTID": 30898, "OID": "2157010952343717", "POP100": 2873, "STATE": "18", "VTD": "000350", "VTDI": "A" }, "geometry": { "type": "Polygon", "coordinates": [ [ [ -87.69939299964804, 37.949036000354035 ], [ -87.69934099976949, 37.951318000200317 ], [ -87.696482999811607, 37.953985999741199 ], [ -87.689395000267439, 37.962876999676276 ], [ -87.687745999731305, 37.964229000241467 ], [ -87.685500000416909, 37.965104999887984 ], [ -87.663957000328509, 37.969768000251648 ], [ -87.66424799968334, 37.950279999698196 ], [ -87.666575999911799, 37.949316000134665 ], [ -87.67245300038438, 37.949674000080847 ], [ -87.673805999746193, 37.949137999729771 ], [ -87.674856999882522, 37.94827599992184 ], [ -87.677840000412203, 37.949698999786307 ], [ -87.678947999551625, 37.949419000048643 ], [ -87.69939299964804, 37.949036000354035 ] ] ] } },
{ "type": "Feature", "properties": { "AREALAND": 1678870, "AREAWATER": 14458, "BASENAME": "WARD 01 PRECINCT 17", "CENTLAT": "+37.9831974", "CENTLON": "-087.4861860", "COUNTY": "163", "FUNCSTAT": "N", "GEOID": "18163000600", "HU100": 958, "INTPTLAT": "+37.9829497", "INTPTLON": "-087.4862523", "LSADC": "00", "MTFCC": "G5240", "NAME": "WARD 01 PRECINCT 17", "OBJECTID": 30900, "OID": "2157010952343747", "POP100": 1580, "STATE": "18", "VTD": "000600", "VTDI": "A" }, "geometry": { "type": "Polygon", "coordinates": [ [ [ -87.492684999674054, 37.983381000084009 ], [ -87.492591999787621, 37.990797999746654 ], [ -87.483090999626185, 37.992575999728246 ], [ -87.483390000275236, 37.985894999953722 ], [ -87.482898000180654, 37.980727999749568 ], [ -87.475510999987407, 37.980602000340838 ], [ -87.475551999995304, 37.978014000338945 ], [ -87.474033999878728, 37.977992999675898 ], [ -87.474053000145304, 37.97667299985676 ], [ -87.492594000335771, 37.9767699998593 ], [ -87.492684999674054, 37.983381000084009 ] ] ] } },
{ "type": "Feature", "properties": { "AREALAND": 2474960, "AREAWATER": 26942, "BASENAME": "CENTER PRECINCT 01", "CENTLAT": "+38.0365305", "CENTLON": "-087.5219878", "COUNTY": "163", "FUNCSTAT": "N", "GEOID": "18163000020", "HU100": 535, "INTPTLAT": "+38.0315329", "INTPTLON": "-087.5146111", "LSADC": "00", "MTFCC": "G5240", "NAME": "CENTER PRECINCT 01", "OBJECTID": 31061, "OID": "2157010952343577", "POP100": 1401, "STATE": "18", "VTD": "000020", "VTDI": "A" }, "geometry": { "type": "MultiPolygon", "coordinates": [ [ [ [ -87.532475000225034, 38.028253999938435 ], [ -87.528440999559024, 38.034269999939703 ], [ -87.528151000029112, 38.034152999890665 ], [ -87.526775000202775, 38.035436000333057 ], [ -87.516816000281906, 38.035302999689023 ], [ -87.516786000144691, 38.036719000234477 ], [ -87.514529999886236, 38.036760000027812 ], [ -87.514238999633108, 38.042543000067958 ], [ -87.51353800019946, 38.04253700000401 ], [ -87.513468999704173, 38.046224000039572 ], [ -87.512625000155381, 38.046209000279127 ], [ -87.512584999972404, 38.049277000308891 ], [ -87.509578999876524, 38.049399999748921 ], [ -87.510162000207714, 38.027763000235417 ], [ -87.532630000035738, 38.027976000241203 ], [ -87.532475000225034, 38.028253999938435 ] ] ], [ [ [ -87.544080000308981, 38.050208999905074 ], [ -87.539104000184878, 38.050178999891877 ], [ -87.53987199956569, 38.050175000266485 ], [ -87.538651000448368, 38.050010000318906 ], [ -87.536975000148061, 38.049279000146178 ], [ -87.537102000369671, 38.044221999707581 ], [ -87.538434999639975, 38.044259999937303 ], [ -87.538478000196008, 38.041942000063194 ], [ -87.540085000001028, 38.041334999915527 ], [ -87.539659000028678, 38.040407000000855 ], [ -87.540863000325885, 38.03997499993244 ], [ -87.544338000051837, 38.050186000296925 ], [ -87.544080000308981, 38.050208999905074 ] ] ] ] } },
{ "type": "Feature", "properties": { "AREALAND": 743720, "AREAWATER": 0, "BASENAME": "WARD 05 PRECINCT 13", "CENTLAT": "+38.0151910", "CENTLON": "-087.5705851", "COUNTY": "163", "FUNCSTAT": "N", "GEOID": "18163001170", "HU100": 500, "INTPTLAT": "+38.0151910", "INTPTLON": "-087.5705851", "LSADC": "00", "MTFCC": "G5240", "NAME": "WARD 05 PRECINCT 13", "OBJECTID": 31062, "OID": "2157010952343587", "POP100": 1104, "STATE": "18", "VTD": "001170", "VTDI": "A" }, "geometry": { "type": "Polygon", "coordinates": [ [ [ -87.574220999662188, 38.011095999762112 ], [ -87.573988999858585, 38.021435000283041 ], [ -87.567752000434211, 38.021268000080369 ], [ -87.567634000433443, 38.018654000019289 ], [ -87.569212999751059, 38.01677700023231 ], [ -87.569528000293644, 38.01598799985964 ], [ -87.569256000307064, 38.014071000053747 ], [ -87.56505699978463, 38.013980000106436 ], [ -87.565132000127704, 38.01046999984198 ], [ -87.567524999755179, 38.010472000031143 ], [ -87.570885999678325, 38.009817999675775 ], [ -87.574250999799403, 38.009777999772062 ], [ -87.574220999662188, 38.011095999762112 ] ] ] } },
{ "type": "Feature", "properties": { "AREALAND": 494829, "AREAWATER": 0, "BASENAME": "WARD 04 PRECINCT 04", "CENTLAT": "+37.9656467", "CENTLON": "-087.5522800", "COUNTY": "163", "FUNCSTAT": "N", "GEOID": "18163000930", "HU100": 459, "INTPTLAT": "+37.9656467", "INTPTLON": "-087.5522800", "LSADC": "00", "MTFCC": "G5240", "NAME": "WARD 04 PRECINCT 04", "OBJECTID": 31103, "OID": "2157010952343647", "POP100": 943, "STATE": "18", "VTD": "000930", "VTDI": "A" }, "geometry": { "type": "Polygon", "coordinates": [ [ [ -87.556883999768928, 37.963836999660401 ], [ -87.556819000369927, 37.96844200006543 ], [ -87.54768800010433, 37.968402000258052 ], [ -87.547774000318043, 37.962801999824038 ], [ -87.556891000339945, 37.962930000111179 ], [ -87.556883999768928, 37.963836999660401 ] ] ] } },
{ "type": "Feature", "properties": { "AREALAND": 821349, "AREAWATER": 21479, "BASENAME": "WARD 03 PRECINCT 04", "CENTLAT": "+38.0042830", "CENTLON": "-087.5547530", "COUNTY": "163", "FUNCSTAT": "N", "GEOID": "18163000780", "HU100": 597, "INTPTLAT": "+38.0044444", "INTPTLON": "-087.5547590", "LSADC": "00", "MTFCC": "G5240", "NAME": "WARD 03 PRECINCT 04", "OBJECTID": 31121, "OID": "2157010952343657", "POP100": 1173, "STATE": "18", "VTD": "000780", "VTDI": "A" }, "geometry": { "type": "Polygon", "coordinates": [ [ [ -87.560704000174695, 38.002500999892973 ], [ -87.560529000272524, 38.006991000132523 ], [ -87.558821000185162, 38.006227000165545 ], [ -87.557652000048051, 38.006246000228813 ], [ -87.552740000396383, 38.009193000279041 ], [ -87.55096600018679, 38.009666000067057 ], [ -87.548164000305391, 38.009048000172754 ], [ -87.547309999812555, 38.008456999784862 ], [ -87.546621000074467, 38.007338999902053 ], [ -87.547073999811005, 38.006932000221383 ], [ -87.547016000084668, 38.00612500011416 ], [ -87.551639999856249, 38.0061099999281 ], [ -87.551798999864914, 37.999319000308077 ], [ -87.560777999794539, 37.999596000163905 ], [ -87.560704000174695, 38.002500999892973 ] ] ] } },
{ "type": "Feature", "properties": { "AREALAND": 1941104, "AREAWATER": 23195, "BASENAME": "WARD 06 PRECINCT 03", "CENTLAT": "+37.9807956", "CENTLON": "-087.5788519", "COUNTY": "163", "FUNCSTAT": "N", "GEOID": "18163001240", "HU100": 886, "INTPTLAT": "+37.9807898", "INTPTLON": "-087.5786561", "LSADC": "00", "MTFCC": "G5240", "NAME": "WARD 06 PRECINCT 03", "OBJECTID": 31253, "OID": "2157010952343634", "POP100": 1652, "STATE": "18", "VTD": "001240", "VTDI": "A" }, "geometry": { "type": "Polygon", "coordinates": [ [ [ -87.588072999783762, 37.975491999939315 ], [ -87.586856999790967, 37.976921999671163 ], [ -87.586733999767333, 37.97871600023047 ], [ -87.589124999744982, 37.981732999933151 ], [ -87.590533000256684, 37.98556199981428 ], [ -87.581258999875956, 37.985460000049656 ], [ -87.581108000263228, 37.984925000065665 ], [ -87.574952999956281, 37.984866999838331 ], [ -87.574747000091975, 37.991303000036631 ], [ -87.573604999719038, 37.991276999979007 ], [ -87.573620999612572, 37.990368000313346 ], [ -87.570879000005633, 37.990304000047161 ], [ -87.571029999618375, 37.98482899995745 ], [ -87.570622000087667, 37.984820999942812 ], [ -87.57074400028641, 37.981186999913476 ], [ -87.568453999692764, 37.981140000048676 ], [ -87.568529000035852, 37.977221999699132 ], [ -87.570812999883387, 37.977259000139263 ], [ -87.570766999852623, 37.97686999997596 ], [ -87.573783999819184, 37.976932000234719 ], [ -87.575014999880565, 37.977069999800442 ], [ -87.575306999958613, 37.977602000192945 ], [ -87.581244999632261, 37.977931000313411 ], [ -87.581124000156748, 37.974035000287188 ], [ -87.577342000284119, 37.971700999703486 ], [ -87.573725000267942, 37.96705100002216 ], [ -87.574584999710254, 37.967484000035931 ], [ -87.575253000430251, 37.966413999656986 ], [ -87.576887999824379, 37.969133999939714 ], [ -87.579579000276013, 37.97149900028522 ], [ -87.584922999747803, 37.974531000221546 ], [ -87.588128999860245, 37.975298999834813 ], [ -87.588072999783762, 37.975491999939315 ] ] ] } },
{ "type": "Feature", "properties": { "AREALAND": 519863, "AREAWATER": 0, "BASENAME": "WARD 04 PRECINCT 03", "CENTLAT": "+37.9708261", "CENTLON": "-087.5537927", "COUNTY": "163", "FUNCSTAT": "N", "GEOID": "18163000920", "HU100": 449, "INTPTLAT": "+37.9708261", "INTPTLON": "-087.5537927", "LSADC": "00", "MTFCC": "G5240", "NAME": "WARD 04 PRECINCT 03", "OBJECTID": 31254, "OID": "2157010952343644", "POP100": 921, "STATE": "18", "VTD": "000920", "VTDI": "A" }, "geometry": { "type": "Polygon", "coordinates": [ [ [ -87.559093999996634, 37.969514999759369 ], [ -87.559023999676427, 37.973695000223501 ], [ -87.551398999831818, 37.973600000184554 ], [ -87.551423000121275, 37.971869000121465 ], [ -87.549109000136511, 37.971846999911556 ], [ -87.549110999786336, 37.972276000336727 ], [ -87.547683000081449, 37.972256000063958 ], [ -87.54768800010433, 37.968402000258052 ], [ -87.559114000088115, 37.968461999960894 ], [ -87.559093999996634, 37.969514999759369 ] ] ] } },
{ "type": "Feature", "properties": { "AREALAND": 348820, "AREAWATER": 5368, "BASENAME": "PIGEON PRECINCT 02", "CENTLAT": "+38.0024885", "CENTLON": "-087.5952618", "COUNTY": "163", "FUNCSTAT": "N", "GEOID": "18163000390", "HU100": 0, "INTPTLAT": "+38.0037446", "INTPTLON": "-087.5952117", "LSADC": "00", "MTFCC": "G5240", "NAME": "PIGEON PRECINCT 02", "OBJECTID": 31271, "OID": "2157010952343654", "POP100": 0, "STATE": "18", "VTD": "000390", "VTDI": "A" }, "geometry": { "type": "Polygon", "coordinates": [ [ [ -87.600004000280919, 38.002692000250249 ], [ -87.599991999687049, 38.003304000186155 ], [ -87.598496000210105, 38.003084000010752 ], [ -87.598009999963281, 38.003326000167412 ], [ -87.598010999788201, 38.003765999821724 ], [ -87.598649000370969, 38.004040000029185 ], [ -87.59837200036155, 38.004452999835728 ], [ -87.597039000192893, 38.004831999986756 ], [ -87.596024999866501, 38.004722000150267 ], [ -87.59533000028064, 38.004162000226067 ], [ -87.595163999700972, 38.004887999659914 ], [ -87.594455999696308, 38.005201000053937 ], [ -87.594594999613477, 38.005706000274238 ], [ -87.59359500042909, 38.005355000046819 ], [ -87.592595000346378, 38.00566299977001 ], [ -87.592566999858974, 38.004718000165973 ], [ -87.591761999769929, 38.004388999826034 ], [ -87.591539000187197, 38.002629999814495 ], [ -87.590011000024873, 38.00131199981908 ], [ -87.591259999629628, 38.000629999836264 ], [ -87.59102399962805, 38.000168999790432 ], [ -87.591842999960804, 38.000422000082281 ], [ -87.592315999788809, 38.00132300010938 ], [ -87.593050999557647, 38.000722999821299 ], [ -87.593094000113666, 38.000196999997179 ], [ -87.599159000008925, 38.000432999798143 ], [ -87.600005000105824, 38.000690000091268 ], [ -87.600004000280919, 38.002692000250249 ] ] ] } },
{ "type": "Feature", "properties": { "AREALAND": 669361, "AREAWATER": 0, "BASENAME": "WARD 02 PRECINCT 04", "CENTLAT": "+37.9588391", "CENTLON": "-087.5158312", "COUNTY": "163", "FUNCSTAT": "N", "GEOID": "18163000650", "HU100": 969, "INTPTLAT": "+37.9588391", "INTPTLON": "-087.5158312", "LSADC": "00", "MTFCC": "G5240", "NAME": "WARD 02 PRECINCT 04", "OBJECTID": 31275, "OID": "2157010952343599", "POP100": 1920, "STATE": "18", "VTD": "000650", "VTDI": "A" }, "geometry": { "type": "Polygon", "coordinates": [ [ [ -87.520461999712097, 37.955798000052958 ], [ -87.52037800004652, 37.962676000098092 ], [ -87.511172000336131, 37.962456999941907 ], [ -87.511252999628695, 37.955048000162307 ], [ -87.520466999734964, 37.955169000233042 ], [ -87.520461999712097, 37.955798000052958 ] ] ] } },
{ "type": "Feature", "properties": { "AREALAND": 543773, "AREAWATER": 0, "BASENAME": "WARD 02 PRECINCT 03", "CENTLAT": "+37.9508795", "CENTLON": "-087.4944362", "COUNTY": "163", "FUNCSTAT": "N", "GEOID": "18163000640", "HU100": 458, "INTPTLAT": "+37.9508795", "INTPTLON": "-087.4944362", "LSADC": "00", "MTFCC": "G5240", "NAME": "WARD 02 PRECINCT 03", "OBJECTID": 31276, "OID": "2157010952343609", "POP100": 1037, "STATE": "18", "VTD": "000640", "VTDI": "A" }, "geometry": { "type": "Polygon", "coordinates": [ [ [ -87.498684000345378, 37.949987000143828 ], [ -87.498587000260997, 37.955009000284328 ], [ -87.492847999880667, 37.954974000249116 ], [ -87.492928000246607, 37.951005000141159 ], [ -87.488357000178482, 37.950980999660629 ], [ -87.488364999676094, 37.947779999725114 ], [ -87.498725000353261, 37.947865000313591 ], [ -87.498684000345378, 37.949987000143828 ] ] ] } },
{ "type": "Feature", "properties": { "AREALAND": 2345048, "AREAWATER": 48454, "BASENAME": "CENTER PRECINCT 13", "CENTLAT": "+38.0197871", "CENTLON": "-087.5018793", "COUNTY": "163", "FUNCSTAT": "N", "GEOID": "18163000140", "HU100": 721, "INTPTLAT": "+38.0183191", "INTPTLON": "-087.5055509", "LSADC": "00", "MTFCC": "G5240", "NAME": "CENTER PRECINCT 13", "OBJECTID": 35573, "OID": "2157010952343573", "POP100": 1783, "STATE": "18", "VTD": "000140", "VTDI": "A" }, "geometry": { "type": "Polygon", "coordinates": [ [ [ -87.510641999708412, 38.013571999731539 ], [ -87.510100000283416, 38.029902999732158 ], [ -87.508532999763048, 38.02846100012993 ], [ -87.503838999671288, 38.026596000245547 ], [ -87.500659000396425, 38.024956999995389 ], [ -87.499076999807443, 38.024813999735294 ], [ -87.498236999558316, 38.025863999960762 ], [ -87.498196000448743, 38.026632999840551 ], [ -87.497079000190169, 38.027381000172106 ], [ -87.495828000037307, 38.027586000277736 ], [ -87.494869999787383, 38.027344000247268 ], [ -87.494396999959378, 38.026689999715543 ], [ -87.493063999790735, 38.026953999749935 ], [ -87.492636999993479, 38.026633999714598 ], [ -87.492974000277357, 38.025721999942135 ], [ -87.492734999902765, 38.024240000336576 ], [ -87.493633999703121, 38.023710999658313 ], [ -87.49386800005486, 38.02321800009743 ], [ -87.492771999712673, 38.021717999736431 ], [ -87.493130999737886, 38.017981999914596 ], [ -87.49515799966747, 38.012486000031174 ], [ -87.496393999751731, 38.011335000121548 ], [ -87.497921000089136, 38.010926999887594 ], [ -87.499789000010054, 38.011287999754067 ], [ -87.501354999807191, 38.012116999825743 ], [ -87.501395999815088, 38.013123999715411 ], [ -87.510931000311729, 38.013200999924116 ], [ -87.510641999708412, 38.013571999731539 ] ] ] } },
{ "type": "Feature", "properties": { "AREALAND": 2909666, "AREAWATER": 4096, "BASENAME": "WARD 03 PRECINCT 11", "CENTLAT": "+37.9823270", "CENTLON": "-087.5153663", "COUNTY": "163", "FUNCSTAT": "N", "GEOID": "18163000840", "HU100": 883, "INTPTLAT": "+37.9808407", "INTPTLON": "-087.5134829", "LSADC": "00", "MTFCC": "G5240", "NAME": "WARD 03 PRECINCT 11", "OBJECTID": 35576, "OID": "2157010952343740", "POP100": 1864, "STATE": "18", "VTD": "000840", "VTDI": "A" }, "geometry": { "type": "Polygon", "coordinates": [ [ [ -87.52934199990753, 37.97935200025367 ], [ -87.529238999975362, 37.988091000340653 ], [ -87.520094000364381, 37.98796900031288 ], [ -87.520118999580419, 37.985772999814387 ], [ -87.501781999604461, 37.989333999686529 ], [ -87.501675000372657, 37.97886500010015 ], [ -87.502385000027147, 37.977645999988852 ], [ -87.502415999989267, 37.976750000102868 ], [ -87.529327999663835, 37.976837999981768 ], [ -87.52934199990753, 37.97935200025367 ] ] ] } },
{ "type": "Feature", "properties": { "AREALAND": 854819, "AREAWATER": 0, "BASENAME": "WARD 05 PRECINCT 06", "CENTLAT": "+38.0029586", "CENTLON": "-087.4979054", "COUNTY": "163", "FUNCSTAT": "N", "GEOID": "18163001120", "HU100": 1268, "INTPTLAT": "+38.0029586", "INTPTLON": "-087.4979054", "LSADC": "00", "MTFCC": "G5240", "NAME": "WARD 05 PRECINCT 06", "OBJECTID": 39133, "OID": "2157010952343662", "POP100": 2210, "STATE": "18", "VTD": "001120", "VTDI": "A" }, "geometry": { "type": "Polygon", "coordinates": [ [ [ -87.502026000001948, 38.005118999806228 ], [ -87.501834000381308, 38.0092449997152 ], [ -87.496725000187837, 38.009038999854056 ], [ -87.492267000097613, 38.009342999940699 ], [ -87.492282000166227, 38.005894999755157 ], [ -87.496858000257234, 38.005925999660974 ], [ -87.497024999763482, 37.998640000255847 ], [ -87.492431000129159, 37.998560999813343 ], [ -87.492493999878334, 37.995532999971658 ], [ -87.49386800005486, 37.995619000092901 ], [ -87.497406000428327, 37.996799000034244 ], [ -87.499588000168615, 37.996626000051045 ], [ -87.501677000022482, 37.995931000114176 ], [ -87.501549999800886, 38.001594999811999 ], [ -87.501993000389973, 38.002200999872841 ], [ -87.501943999986167, 38.004544999751751 ], [ -87.502257999805522, 38.004924000135084 ], [ -87.502026000001948, 38.005118999806228 ] ] ] } },
{ "type": "Feature", "properties": { "AREALAND": 1105267, "AREAWATER": 9744, "BASENAME": "PIGEON PRECINCT 01 (NV)", "CENTLAT": "+37.9571680", "CENTLON": "-087.6072172", "COUNTY": "163", "FUNCSTAT": "N", "GEOID": "18163000380", "HU100": 0, "INTPTLAT": "+37.9559445", "INTPTLON": "-087.6069606", "LSADC": "00", "MTFCC": "G5240", "NAME": "PIGEON PRECINCT 01 (NV)", "OBJECTID": 40234, "OID": "2157010952343783", "POP100": 0, "STATE": "18", "VTD": "000380", "VTDI": "A" }, "geometry": { "type": "Polygon", "coordinates": [ [ [ -87.610615999954845, 37.944538000253914 ], [ -87.61014099957869, 37.96319300023336 ], [ -87.60930600025074, 37.963770000265853 ], [ -87.607212000373991, 37.967067999653771 ], [ -87.603367999678809, 37.966930999677679 ], [ -87.603464999763176, 37.959897999846355 ], [ -87.603904999979221, 37.95698699967884 ], [ -87.604906999711744, 37.954518000249337 ], [ -87.604941999871841, 37.952584000184068 ], [ -87.605589999602046, 37.950143999779598 ], [ -87.607217000396872, 37.947668999825211 ], [ -87.610615999954845, 37.944538000253914 ] ] ] } },
{ "type": "Feature", "properties": { "AREALAND": 867147, "AREAWATER": 16572, "BASENAME": "WARD 01 PRECINCT 09", "CENTLAT": "+37.9584877", "CENTLON": "-087.4590410", "COUNTY": "163", "FUNCSTAT": "N", "GEOID": "18163000540", "HU100": 400, "INTPTLAT": "+37.9570843", "INTPTLON": "-087.4557973", "LSADC": "00", "MTFCC": "G5240", "NAME": "WARD 01 PRECINCT 09", "OBJECTID": 41046, "OID": "2157010952343713", "POP100": 938, "STATE": "18", "VTD": "000540", "VTDI": "A" }, "geometry": { "type": "Polygon", "coordinates": [ [ [ -87.450675999572837, 37.955035999875143 ], [ -87.466706000135048, 37.954842999827576 ], [ -87.466633000340124, 37.957497000148813 ], [ -87.466255000048349, 37.957997000310456 ], [ -87.464613000083233, 37.958102999686425 ], [ -87.464558999656546, 37.959796999906018 ], [ -87.463016000323947, 37.959659999821056 ], [ -87.462965000270316, 37.962188999793597 ], [ -87.459754000135021, 37.962189999838245 ], [ -87.459677999967028, 37.966303000294289 ], [ -87.458604000264472, 37.966240000275086 ], [ -87.457091999995683, 37.965896000251099 ], [ -87.457362000332438, 37.962983999833412 ], [ -87.456717000076964, 37.962979999697943 ], [ -87.456744999666057, 37.961407999713394 ], [ -87.457646999839469, 37.960175999869406 ], [ -87.457851000053978, 37.959226000330787 ], [ -87.45274699988336, 37.958491000039771 ], [ -87.451150999949007, 37.957919000123994 ], [ -87.450509999891494, 37.957527999965983 ], [ -87.450675999572837, 37.955035999875143 ] ] ] } },
{ "type": "Feature", "properties": { "AREALAND": 1013537, "AREAWATER": 0, "BASENAME": "WARD 06 PRECINCT 08", "CENTLAT": "+37.9726047", "CENTLON": "-087.6057766", "COUNTY": "163", "FUNCSTAT": "N", "GEOID": "18163001280", "HU100": 467, "INTPTLAT": "+37.9726047", "INTPTLON": "-087.6057766", "LSADC": "00", "MTFCC": "G5240", "NAME": "WARD 06 PRECINCT 08", "OBJECTID": 41047, "OID": "2157010952343723", "POP100": 1004, "STATE": "18", "VTD": "001280", "VTDI": "A" }, "geometry": { "type": "Polygon", "coordinates": [ [ [ -87.607164999620025, 37.967066999675559 ], [ -87.60930600025074, 37.963770000265853 ], [ -87.61014099957869, 37.96319300023336 ], [ -87.609723999827182, 37.978548999727202 ], [ -87.600544000056104, 37.978424999764862 ], [ -87.600766999638836, 37.971967999922143 ], [ -87.602284999755412, 37.969750999828818 ], [ -87.603367999678809, 37.966930999677679 ], [ -87.607164999620025, 37.967066999675559 ] ] ] } },
{ "type": "Feature", "properties": { "AREALAND": 6059262, "AREAWATER": 102897, "BASENAME": "SCOTT PRECINCT 06", "CENTLAT": "+38.0935900", "CENTLON": "-087.5223028", "COUNTY": "163", "FUNCSTAT": "N", "GEOID": "18163000460", "HU100": 663, "INTPTLAT": "+38.0958737", "INTPTLON": "-087.5201592", "LSADC": "00", "MTFCC": "G5240", "NAME": "SCOTT PRECINCT 06", "OBJECTID": 47177, "OID": "2157010952343623", "POP100": 1616, "STATE": "18", "VTD": "000460", "VTDI": "A" }, "geometry": { "type": "Polygon", "coordinates": [ [ [ -87.535046999952669, 38.080182000150884 ], [ -87.53366199990549, 38.082364000036598 ], [ -87.534743000179049, 38.083887999866576 ], [ -87.535568000359575, 38.090325000275371 ], [ -87.535156999557529, 38.091493000077563 ], [ -87.532686999937141, 38.095168999844098 ], [ -87.533774000058486, 38.098626000010967 ], [ -87.530500000173987, 38.10338899981128 ], [ -87.529865999789152, 38.10614599990781 ], [ -87.530094000293118, 38.107777999768956 ], [ -87.508850999780378, 38.107118000016357 ], [ -87.508738999627383, 38.100469999757529 ], [ -87.5082740001953, 38.100095999648261 ], [ -87.507080999768732, 38.100029000350773 ], [ -87.508918999552435, 38.098295999836822 ], [ -87.509710000296081, 38.094922999812837 ], [ -87.512383000306045, 38.089997999944316 ], [ -87.516402999830049, 38.078762999943073 ], [ -87.535903999920237, 38.079029000054931 ], [ -87.535046999952669, 38.080182000150884 ] ] ] } },
{ "type": "Feature", "properties": { "AREALAND": 1644368, "AREAWATER": 60946, "BASENAME": "WARD 05 PRECINCT 03", "CENTLAT": "+37.9986084", "CENTLON": "-087.5085066", "COUNTY": "163", "FUNCSTAT": "N", "GEOID": "18163001090", "HU100": 745, "INTPTLAT": "+37.9985057", "INTPTLON": "-087.5054066", "LSADC": "00", "MTFCC": "G5240", "NAME": "WARD 05 PRECINCT 03", "OBJECTID": 47178, "OID": "2157010952343633", "POP100": 1544, "STATE": "18", "VTD": "001090", "VTDI": "A" }, "geometry": { "type": "Polygon", "coordinates": [ [ [ -87.519972999990557, 37.993183999932498 ], [ -87.520003000127787, 37.995731000017216 ], [ -87.515095999600675, 37.998458000166004 ], [ -87.51270200014828, 37.998868000213385 ], [ -87.508959999560318, 37.997936000024524 ], [ -87.507793999796249, 37.998463000042292 ], [ -87.506704000200173, 37.999486999796034 ], [ -87.505330999848567, 38.001175000055532 ], [ -87.504946999709006, 38.002855999711592 ], [ -87.505679000003127, 38.004657999667565 ], [ -87.50731000009759, 38.006825999865896 ], [ -87.507188999723766, 38.00921499990887 ], [ -87.506602999917845, 38.010220999929921 ], [ -87.503755999830602, 38.01212000004206 ], [ -87.502739000029464, 38.012526999939311 ], [ -87.501354999807191, 38.012116999825743 ], [ -87.501380999746459, 38.009189999942933 ], [ -87.501834000381308, 38.0092449997152 ], [ -87.501913999848938, 38.005408000245275 ], [ -87.502257999805522, 38.004924000135084 ], [ -87.501943999986167, 38.004544999751751 ], [ -87.501993000389973, 38.002200999872841 ], [ -87.501549999800886, 38.001594999811999 ], [ -87.501677000022482, 37.995931000114176 ], [ -87.502595999914334, 37.99556700019626 ], [ -87.504380000169675, 37.991355000124209 ], [ -87.520034999914841, 37.991581999720978 ], [ -87.519972999990557, 37.993183999932498 ] ] ] } },
{ "type": "Feature", "properties": { "AREALAND": 806006, "AREAWATER": 107, "BASENAME": "WARD 06 PRECINCT 14", "CENTLAT": "+37.9857254", "CENTLON": "-087.6102896", "COUNTY": "163", "FUNCSTAT": "N", "GEOID": "18163001330", "HU100": 513, "INTPTLAT": "+37.9861095", "INTPTLON": "-087.6109107", "LSADC": "00", "MTFCC": "G5240", "NAME": "WARD 06 PRECINCT 14", "OBJECTID": 47615, "OID": "2157010952343613", "POP100": 1036, "STATE": "18", "VTD": "001330", "VTDI": "A" }, "geometry": { "type": "Polygon", "coordinates": [ [ [ -87.618475000151179, 37.982486999654235 ], [ -87.615592000078919, 37.983663999874139 ], [ -87.615818000034736, 37.985089000313884 ], [ -87.615260999642814, 37.985187999984134 ], [ -87.615233000053721, 37.987232999903782 ], [ -87.61233300026305, 37.987446000163786 ], [ -87.612832999855229, 37.988860000042166 ], [ -87.614709000172084, 37.9905069997588 ], [ -87.613807999823592, 37.991184999701154 ], [ -87.609799000170241, 37.991019999975684 ], [ -87.607761000370004, 37.989041000197581 ], [ -87.604863000229145, 37.987793000240281 ], [ -87.604987000077699, 37.98343999982508 ], [ -87.605356000148632, 37.983153999893815 ], [ -87.60610900035914, 37.983261000236254 ], [ -87.606386000368573, 37.982424000070914 ], [ -87.604787000061151, 37.980926999892382 ], [ -87.609659000428167, 37.980996000200157 ], [ -87.60962400026807, 37.982186999906283 ], [ -87.618475000151179, 37.982486999654235 ] ] ] } },
{ "type": "Feature", "properties": { "AREALAND": 14906192, "AREAWATER": 62845, "BASENAME": "GERMAN PRECINCT 05", "CENTLAT": "+38.0273943", "CENTLON": "-087.6766729", "COUNTY": "163", "FUNCSTAT": "N", "GEOID": "18163000210", "HU100": 472, "INTPTLAT": "+38.0284119", "INTPTLON": "-087.6775634", "LSADC": "00", "MTFCC": "G5240", "NAME": "GERMAN PRECINCT 05", "OBJECTID": 47742, "OID": "2157010952343590", "POP100": 1213, "STATE": "18", "VTD": "000210", "VTDI": "A" }, "geometry": { "type": "Polygon", "coordinates": [ [ [ -87.698340999686792, 38.011329000332317 ], [ -87.697846000117465, 38.043280999940535 ], [ -87.690811000276753, 38.042799000216384 ], [ -87.689540999857286, 38.045582000045393 ], [ -87.689700999690871, 38.04924399980284 ], [ -87.687707000271558, 38.05139700016403 ], [ -87.671707999671497, 38.051475000006718 ], [ -87.671651999595014, 38.047344000116709 ], [ -87.669915999918544, 38.042087999836369 ], [ -87.670742999748896, 38.03878100002833 ], [ -87.666502000291956, 38.036914000220094 ], [ -87.641034000215811, 38.021440999952731 ], [ -87.638900000156099, 38.020614999761648 ], [ -87.640578999931137, 38.017635999707174 ], [ -87.640820999780487, 38.016349000279575 ], [ -87.645612999781548, 38.015534000302821 ], [ -87.647578999611781, 38.015728000039758 ], [ -87.649239000018554, 38.016982000281764 ], [ -87.649384999608429, 38.015753999921678 ], [ -87.64963700040181, 38.015618000273797 ], [ -87.672154999560249, 38.015540999773279 ], [ -87.672301999873341, 38.008329999745477 ], [ -87.698328999991233, 38.00822000020235 ], [ -87.698340999686792, 38.011329000332317 ] ] ] } },
{ "type": "Feature", "properties": { "AREALAND": 1091204, "AREAWATER": 0, "BASENAME": "WARD 02 PRECINCT 14", "CENTLAT": "+37.9432233", "CENTLON": "-087.5124728", "COUNTY": "163", "FUNCSTAT": "N", "GEOID": "18163000730", "HU100": 878, "INTPTLAT": "+37.9432233", "INTPTLON": "-087.5124728", "LSADC": "00", "MTFCC": "G5240", "NAME": "WARD 02 PRECINCT 14", "OBJECTID": 47743, "OID": "2157010952343600", "POP100": 1843, "STATE": "18", "VTD": "000730", "VTDI": "A" }, "geometry": { "type": "Polygon", "coordinates": [ [ [ -87.520711000132437, 37.938893999938159 ], [ -87.520557999971572, 37.948030000008572 ], [ -87.50731000009759, 37.947950000095389 ], [ -87.507366999999007, 37.946094000043153 ], [ -87.50850900037193, 37.946100999764241 ], [ -87.508531999938157, 37.945151999816844 ], [ -87.511379999850291, 37.945174000232079 ], [ -87.511432999553747, 37.94067499999943 ], [ -87.494633999785833, 37.940611999959124 ], [ -87.492958000383851, 37.941491000297155 ], [ -87.492959000208742, 37.939182999788365 ], [ -87.494617000067407, 37.938940999925009 ], [ -87.49875399976726, 37.939561999838013 ], [ -87.502821000045245, 37.939139000323316 ], [ -87.513152000410088, 37.940007000297285 ], [ -87.516067000269373, 37.939704000194531 ], [ -87.520589999758627, 37.938308000247069 ], [ -87.52130399961105, 37.938296000059481 ], [ -87.520707999759381, 37.93845499990617 ], [ -87.520711000132437, 37.938893999938159 ] ] ] } },
{ "type": "Feature", "properties": { "AREALAND": 1071744, "AREAWATER": 0, "BASENAME": "WARD 01 PRECINCT 05", "CENTLAT": "+37.9586266", "CENTLON": "-087.4853237", "COUNTY": "163", "FUNCSTAT": "N", "GEOID": "18163000500", "HU100": 893, "INTPTLAT": "+37.9586266", "INTPTLON": "-087.4853237", "LSADC": "00", "MTFCC": "G5240", "NAME": "WARD 01 PRECINCT 05", "OBJECTID": 47813, "OID": "2157010952343610", "POP100": 1558, "STATE": "18", "VTD": "000500", "VTDI": "A" }, "geometry": { "type": "Polygon", "coordinates": [ [ [ -87.492802999674836, 37.956926999807372 ], [ -87.492688000047096, 37.962388999954591 ], [ -87.477790999637008, 37.962195000061307 ], [ -87.477928999729258, 37.954852999857167 ], [ -87.492811000070745, 37.954951999935119 ], [ -87.492802999674836, 37.956926999807372 ] ] ] } },
{ "type": "Feature", "properties": { "AREALAND": 1035539, "AREAWATER": 18303, "BASENAME": "WARD 06 PRECINCT 04", "CENTLAT": "+37.9788113", "CENTLON": "-087.5941011", "COUNTY": "163", "FUNCSTAT": "N", "GEOID": "18163001250", "HU100": 305, "INTPTLAT": "+37.9790947", "INTPTLON": "-087.5947795", "LSADC": "00", "MTFCC": "G5240", "NAME": "WARD 06 PRECINCT 04", "OBJECTID": 47814, "OID": "2157010952343733", "POP100": 602, "STATE": "18", "VTD": "001250", "VTDI": "A" }, "geometry": { "type": "Polygon", "coordinates": [ [ [ -87.600661000231952, 37.975287999890654 ], [ -87.600532000360516, 37.980548000123385 ], [ -87.597241999684172, 37.980586999891045 ], [ -87.597177000285157, 37.984215000012149 ], [ -87.591787999709211, 37.984164000273346 ], [ -87.589953000298564, 37.98443399969532 ], [ -87.589124999744982, 37.981732999933151 ], [ -87.586733999767333, 37.97871600023047 ], [ -87.586856999790967, 37.976921999671163 ], [ -87.588128999860245, 37.975298999834813 ], [ -87.595404999725389, 37.974982999687143 ], [ -87.598690000378866, 37.973382999820799 ], [ -87.600766999638836, 37.971967999922143 ], [ -87.600661000231952, 37.975287999890654 ] ] ] } },
{ "type": "Feature", "properties": { "AREALAND": 1036763, "AREAWATER": 0, "BASENAME": "WARD 04 PRECINCT 12", "CENTLAT": "+37.9505835", "CENTLON": "-087.5407206", "COUNTY": "163", "FUNCSTAT": "N", "GEOID": "18163001010", "HU100": 746, "INTPTLAT": "+37.9505835", "INTPTLON": "-087.5407206", "LSADC": "00", "MTFCC": "G5240", "NAME": "WARD 04 PRECINCT 12", "OBJECTID": 47815, "OID": "2157010952343743", "POP100": 1468, "STATE": "18", "VTD": "001010", "VTDI": "A" }, "geometry": { "type": "Polygon", "coordinates": [ [ [ -87.544085000331833, 37.939943999684353 ], [ -87.543389999847676, 37.941891000148182 ], [ -87.543141000325633, 37.949214999810636 ], [ -87.541962000142789, 37.953172999869835 ], [ -87.542068000448012, 37.954851999712609 ], [ -87.542997000385597, 37.958111999880316 ], [ -87.543029000172652, 37.962776000291726 ], [ -87.538591999998815, 37.962735000193405 ], [ -87.538773999573706, 37.955530999822273 ], [ -87.535660000421075, 37.955510999946306 ], [ -87.535709999751475, 37.953615000293972 ], [ -87.538824999627309, 37.953638999913956 ], [ -87.539079999895449, 37.937524999841848 ], [ -87.544085000331833, 37.939943999684353 ] ] ] } },
{ "type": "Feature", "properties": { "AREALAND": 646964, "AREAWATER": 0, "BASENAME": "WARD 02 PRECINCT 09", "CENTLAT": "+37.9516478", "CENTLON": "-087.5251599", "COUNTY": "163", "FUNCSTAT": "N", "GEOID": "18163000690", "HU100": 559, "INTPTLAT": "+37.9516478", "INTPTLON": "-087.5251599", "LSADC": "00", "MTFCC": "G5240", "NAME": "WARD 02 PRECINCT 09", "OBJECTID": 47816, "OID": "2157010952343763", "POP100": 1233, "STATE": "18", "VTD": "000690", "VTDI": "A" }, "geometry": { "type": "Polygon", "coordinates": [ [ [ -87.529807000237938, 37.949655000242295 ], [ -87.529752999811265, 37.955303999918641 ], [ -87.520552000123786, 37.955169999664953 ], [ -87.520505000268102, 37.948030000008572 ], [ -87.529825999606189, 37.948129000072733 ], [ -87.529807000237938, 37.949655000242295 ] ] ] } },
{ "type": "Feature", "properties": { "AREALAND": 655129, "AREAWATER": 0, "BASENAME": "WARD 02 PRECINCT 08", "CENTLAT": "+37.9667892", "CENTLON": "-087.5245881", "COUNTY": "163", "FUNCSTAT": "N", "GEOID": "18163000680", "HU100": 527, "INTPTLAT": "+37.9667892", "INTPTLON": "-087.5245881", "LSADC": "00", "MTFCC": "G5240", "NAME": "WARD 02 PRECINCT 08", "OBJECTID": 47817, "OID": "2157010952343773", "POP100": 1107, "STATE": "18", "VTD": "000680", "VTDI": "A" }, "geometry": { "type": "Polygon", "coordinates": [ [ [ -87.532476999874859, 37.967140000174624 ], [ -87.532399000057055, 37.969945000296043 ], [ -87.520192000273667, 37.969836999719547 ], [ -87.520308999551204, 37.965304999897413 ], [ -87.517329000292904, 37.965281999842567 ], [ -87.517396000240055, 37.962607000274566 ], [ -87.524600999960086, 37.962689999920933 ], [ -87.524515999571264, 37.966245000222386 ], [ -87.53249299976838, 37.966332999947205 ], [ -87.532476999874859, 37.967140000174624 ] ] ] } },
{ "type": "Feature", "properties": { "AREALAND": 486391, "AREAWATER": 0, "BASENAME": "WARD 04 PRECINCT 08", "CENTLAT": "+37.9752341", "CENTLON": "-087.5416553", "COUNTY": "163", "FUNCSTAT": "N", "GEOID": "18163000970", "HU100": 320, "INTPTLAT": "+37.9752341", "INTPTLON": "-087.5416553", "LSADC": "00", "MTFCC": "G5240", "NAME": "WARD 04 PRECINCT 08", "OBJECTID": 48633, "OID": "2157010952343620", "POP100": 602, "STATE": "18", "VTD": "000970", "VTDI": "A" }, "geometry": { "type": "Polygon", "coordinates": [ [ [ -87.547735999784891, 37.977091000019477 ], [ -87.533871000142867, 37.97699399973304 ], [ -87.533988000318729, 37.97446900005901 ], [ -87.537437000105413, 37.974474000153968 ], [ -87.537438999755238, 37.973498000080419 ], [ -87.544861000108554, 37.973537000053653 ], [ -87.54485199988774, 37.972241999940529 ], [ -87.547683000081449, 37.972256000063958 ], [ -87.547735999784891, 37.977091000019477 ] ] ] } },
{ "type": "Feature", "properties": { "AREALAND": 1619508, "AREAWATER": 23920, "BASENAME": "WARD 06 PRECINCT 07", "CENTLAT": "+37.9662180", "CENTLON": "-087.6303898", "COUNTY": "163", "FUNCSTAT": "N", "GEOID": "18163001270", "HU100": 646, "INTPTLAT": "+37.9685839", "INTPTLON": "-087.6336120", "LSADC": "00", "MTFCC": "G5240", "NAME": "WARD 06 PRECINCT 07", "OBJECTID": 48634, "OID": "2157010952343630", "POP100": 1141, "STATE": "18", "VTD": "001270", "VTDI": "A" }, "geometry": { "type": "Polygon", "coordinates": [ [ [ -87.637222000205966, 37.963808999741147 ], [ -87.636848000112138, 37.975030999824085 ], [ -87.633647999847483, 37.973490000246777 ], [ -87.633128999988728, 37.972730999936431 ], [ -87.633067999889349, 37.971902000069846 ], [ -87.625710999833345, 37.971615999788156 ], [ -87.625735999947707, 37.967852000343065 ], [ -87.620338999874164, 37.96757199969214 ], [ -87.620764999846514, 37.963649000200242 ], [ -87.621694999609005, 37.963033000058516 ], [ -87.624068000043323, 37.962366999736922 ], [ -87.62350800017667, 37.960789999768608 ], [ -87.623842000087507, 37.960703999904993 ], [ -87.625874000039971, 37.960437999870607 ], [ -87.625829999659047, 37.962761999777037 ], [ -87.627030999583198, 37.962793000204897 ], [ -87.627081999636829, 37.960356999943052 ], [ -87.629869000347938, 37.960538000278824 ], [ -87.637330000161, 37.959585000224671 ], [ -87.637222000205966, 37.963808999741147 ] ] ] } },
{ "type": "Feature", "properties": { "AREALAND": 1732813, "AREAWATER": 0, "BASENAME": "WARD 03 PRECINCT 02", "CENTLAT": "+37.9853338", "CENTLON": "-087.5547941", "COUNTY": "163", "FUNCSTAT": "N", "GEOID": "18163000760", "HU100": 1090, "INTPTLAT": "+37.9853338", "INTPTLON": "-087.5547941", "LSADC": "00", "MTFCC": "G5240", "NAME": "WARD 03 PRECINCT 02", "OBJECTID": 48702, "OID": "2157010952343640", "POP100": 2198, "STATE": "18", "VTD": "000760", "VTDI": "A" }, "geometry": { "type": "Polygon", "coordinates": [ [ [ -87.563992000302903, 37.977299000077402 ], [ -87.563834999944063, 37.984739000272981 ], [ -87.556632999698778, 37.984707000169777 ], [ -87.556606999759509, 37.993176000120918 ], [ -87.556293999765046, 37.993852999852002 ], [ -87.54740500024711, 37.993878000091541 ], [ -87.547437999859056, 37.992093000225395 ], [ -87.545116000376694, 37.992060999789835 ], [ -87.547914000060118, 37.986242000285557 ], [ -87.55068099978142, 37.981504000038242 ], [ -87.551614999741886, 37.980482999992496 ], [ -87.552485999953163, 37.979960000297631 ], [ -87.553214999874228, 37.979969999739133 ], [ -87.553207000376617, 37.979598000053592 ], [ -87.554365999569669, 37.979156000237332 ], [ -87.555001999604301, 37.978168999887991 ], [ -87.556678999729527, 37.977790000037729 ], [ -87.556687999950356, 37.977031000288164 ], [ -87.563992000302903, 37.977299000077402 ] ] ] } },
{ "type": "Feature", "properties": { "AREALAND": 2210857, "AREAWATER": 15974, "BASENAME": "PERRY PRECINCT 09", "CENTLAT": "+37.9774639", "CENTLON": "-087.6506990", "COUNTY": "163", "FUNCSTAT": "N", "GEOID": "18163000360", "HU100": 670, "INTPTLAT": "+37.9781149", "INTPTLON": "-087.6527841", "LSADC": "00", "MTFCC": "G5240", "NAME": "PERRY PRECINCT 09", "OBJECTID": 58225, "OID": "2157010952343750", "POP100": 1158, "STATE": "18", "VTD": "000360", "VTDI": "A" }, "geometry": { "type": "Polygon", "coordinates": [ [ [ -87.663938000061933, 37.970395999740468 ], [ -87.663785999725974, 37.979897999764461 ], [ -87.659274000107388, 37.979911000040495 ], [ -87.657027000069775, 37.9808080000711 ], [ -87.654651000160726, 37.980726000165212 ], [ -87.651790999654693, 37.980129000023119 ], [ -87.648373999655064, 37.981929000147581 ], [ -87.643871000257306, 37.982737999806197 ], [ -87.640623000312075, 37.985100000205215 ], [ -87.636693000301449, 37.983862999843595 ], [ -87.636930999952838, 37.976402000352905 ], [ -87.644745999768233, 37.97485400000442 ], [ -87.663957000328509, 37.969768000251648 ], [ -87.663938000061933, 37.970395999740468 ] ] ] } },
{ "type": "Feature", "properties": { "AREALAND": 661688, "AREAWATER": 0, "BASENAME": "WARD 04 PRECINCT 16", "CENTLAT": "+37.9666034", "CENTLON": "-087.5382115", "COUNTY": "163", "FUNCSTAT": "N", "GEOID": "18163001050", "HU100": 638, "INTPTLAT": "+37.9666034", "INTPTLON": "-087.5382115", "LSADC": "00", "MTFCC": "G5240", "NAME": "WARD 04 PRECINCT 16", "OBJECTID": 58226, "OID": "2157010952343770", "POP100": 1387, "STATE": "18", "VTD": "001050", "VTDI": "A" }, "geometry": { "type": "Polygon", "coordinates": [ [ [ -87.543670000230151, 37.970011999721393 ], [ -87.532399000057055, 37.969945000296043 ], [ -87.53249299976838, 37.966332999947205 ], [ -87.537868000100644, 37.966330999970744 ], [ -87.5360420000125, 37.96584399982725 ], [ -87.534549000010287, 37.964838000205518 ], [ -87.534087000052935, 37.964855000349544 ], [ -87.534129999710643, 37.962722999745679 ], [ -87.542804000041741, 37.962773000181635 ], [ -87.542747999965258, 37.966996999749767 ], [ -87.543794000078719, 37.969620000271036 ], [ -87.543897000010872, 37.970009999845097 ], [ -87.543670000230151, 37.970011999721393 ] ] ] } },
{ "type": "Feature", "properties": { "AREALAND": 1258845, "AREAWATER": 27956, "BASENAME": "WARD 04 PRECINCT 11", "CENTLAT": "+37.9526094", "CENTLON": "-087.5625654", "COUNTY": "163", "FUNCSTAT": "N", "GEOID": "18163001000", "HU100": 408, "INTPTLAT": "+37.9498573", "INTPTLON": "-087.5564505", "LSADC": "00", "MTFCC": "G5240", "NAME": "WARD 04 PRECINCT 11", "OBJECTID": 58227, "OID": "2157010952343780", "POP100": 970, "STATE": "18", "VTD": "001000", "VTDI": "A" }, "geometry": { "type": "Polygon", "coordinates": [ [ [ -87.572214999648992, 37.960039999857145 ], [ -87.569023999605164, 37.961427000053334 ], [ -87.567560999740195, 37.958457000342648 ], [ -87.564968000096158, 37.955788000151983 ], [ -87.559995000345126, 37.955624999732976 ], [ -87.557104999701878, 37.954415999843356 ], [ -87.557180999869843, 37.952022000016093 ], [ -87.554910000441112, 37.951984000131858 ], [ -87.554942000228166, 37.950203000025205 ], [ -87.553409000042976, 37.950177000282977 ], [ -87.553424000111605, 37.948340000000385 ], [ -87.551576000282154, 37.948247000211019 ], [ -87.551701999780533, 37.946001000244493 ], [ -87.554671000066506, 37.946103000291608 ], [ -87.552137999798617, 37.943957999858995 ], [ -87.552337999815165, 37.944478000132221 ], [ -87.549633999843053, 37.942826000348745 ], [ -87.548228999704392, 37.942645000291364 ], [ -87.548243999773007, 37.940844000178174 ], [ -87.548859999716143, 37.940897000217063 ], [ -87.556030999999322, 37.946712999923861 ], [ -87.572150000249977, 37.953441000335459 ], [ -87.572214999648992, 37.960039999857145 ] ] ] } },
{ "type": "Feature", "properties": { "AREALAND": 2389420, "AREAWATER": 3970, "BASENAME": "CENTER PRECINCT 03", "CENTLAT": "+38.0502623", "CENTLON": "-087.5521930", "COUNTY": "163", "FUNCSTAT": "N", "GEOID": "18163000040", "HU100": 572, "INTPTLAT": "+38.0507184", "INTPTLON": "-087.5538466", "LSADC": "00", "MTFCC": "G5240", "NAME": "CENTER PRECINCT 03", "OBJECTID": 58246, "OID": "2157010952343580", "POP100": 1383, "STATE": "18", "VTD": "000040", "VTDI": "A" }, "geometry": { "type": "Polygon", "coordinates": [ [ [ -87.56317899981795, 38.052779999710907 ], [ -87.562817000318006, 38.05489899977735 ], [ -87.561551999921448, 38.057860000339687 ], [ -87.546979000274746, 38.057608999892047 ], [ -87.541199999711452, 38.04090899985961 ], [ -87.542405999658499, 38.040093999966494 ], [ -87.543065000157654, 38.040877999893326 ], [ -87.545620999991755, 38.041274000004726 ], [ -87.548379000390554, 38.042152999840425 ], [ -87.549796000224759, 38.042055000334692 ], [ -87.550643999971498, 38.042879000035036 ], [ -87.55140800005266, 38.04265899979287 ], [ -87.552332999792299, 38.043567000243726 ], [ -87.553824999969592, 38.043506999713721 ], [ -87.554139999613867, 38.044029999697386 ], [ -87.554269000383599, 38.045666999846759 ], [ -87.555449000391363, 38.046272999848661 ], [ -87.559299999860954, 38.04653599973625 ], [ -87.559425000432739, 38.047048999816276 ], [ -87.562336999918998, 38.050615999741467 ], [ -87.563050999771434, 38.050631000013787 ], [ -87.56317899981795, 38.052779999710907 ] ] ] } },
{ "type": "Feature", "properties": { "AREALAND": 1605017, "AREAWATER": 131874, "BASENAME": "WARD 05 PRECINCT 05", "CENTLAT": "+38.0038494", "CENTLON": "-087.5126458", "COUNTY": "163", "FUNCSTAT": "N", "GEOID": "18163001110", "HU100": 535, "INTPTLAT": "+38.0034551", "INTPTLON": "-087.5122599", "LSADC": "00", "MTFCC": "G5240", "NAME": "WARD 05 PRECINCT 05", "OBJECTID": 58405, "OID": "2157010952343583", "POP100": 1202, "STATE": "18", "VTD": "001110", "VTDI": "A" }, "geometry": { "type": "Polygon", "coordinates": [ [ [ -87.524764999991632, 37.996371999827268 ], [ -87.520466999734964, 38.00099800029723 ], [ -87.519254999940159, 38.003007999989819 ], [ -87.516151999759884, 38.006152000016627 ], [ -87.510931000311729, 38.013200999924116 ], [ -87.501395999815088, 38.013123999715411 ], [ -87.501354999807191, 38.012116999825743 ], [ -87.502739000029464, 38.012526999939311 ], [ -87.503755999830602, 38.01212000004206 ], [ -87.506602999917845, 38.010220999929921 ], [ -87.507188999723766, 38.00921499990887 ], [ -87.50731000009759, 38.006825999865896 ], [ -87.505490999682138, 38.004332000301304 ], [ -87.504950999906981, 38.002409000243809 ], [ -87.505576999895879, 38.000775999828512 ], [ -87.507793999796249, 37.998463000042292 ], [ -87.50937200018727, 37.997931999670058 ], [ -87.512088999679861, 37.998795000124062 ], [ -87.514165999838156, 37.998746999957802 ], [ -87.515405000295473, 37.998308999732885 ], [ -87.519478000421245, 37.995856000053223 ], [ -87.521389999824777, 37.995461999993189 ], [ -87.523152000338825, 37.995520000339681 ], [ -87.524924999825174, 37.996108000067117 ], [ -87.524764999991632, 37.996371999827268 ] ] ] } },
{ "type": "Feature", "properties": { "AREALAND": 798839, "AREAWATER": 0, "BASENAME": "WARD 02 PRECINCT 12", "CENTLAT": "+37.9515630", "CENTLON": "-087.5147720", "COUNTY": "163", "FUNCSTAT": "N", "GEOID": "18163000710", "HU100": 632, "INTPTLAT": "+37.9515630", "INTPTLON": "-087.5147720", "LSADC": "00", "MTFCC": "G5240", "NAME": "WARD 02 PRECINCT 12", "OBJECTID": 58406, "OID": "2157010952343593", "POP100": 1405, "STATE": "18", "VTD": "000710", "VTDI": "A" }, "geometry": { "type": "Polygon", "coordinates": [ [ [ -87.520578999887974, 37.952767000188075 ], [ -87.520552000123786, 37.955169999664953 ], [ -87.508962000108468, 37.955059999739191 ], [ -87.509028000230686, 37.947968999666521 ], [ -87.520505000268102, 37.948030000008572 ], [ -87.520578999887974, 37.952767000188075 ] ] ] } },
{ "type": "Feature", "properties": { "AREALAND": 15372536, "AREAWATER": 139949, "BASENAME": "GERMAN PRECINCT 04", "CENTLAT": "+38.0657772", "CENTLON": "-087.6716755", "COUNTY": "163", "FUNCSTAT": "N", "GEOID": "18163000200", "HU100": 465, "INTPTLAT": "+38.0628093", "INTPTLON": "-087.6760655", "LSADC": "00", "MTFCC": "G5240", "NAME": "GERMAN PRECINCT 04", "OBJECTID": 81341, "OID": "2157010952343682", "POP100": 1207, "STATE": "18", "VTD": "000200", "VTDI": "A" }, "geometry": { "type": "Polygon", "coordinates": [ [ [ -87.697829000399025, 38.04349499974326 ], [ -87.697367000441659, 38.08030199972044 ], [ -87.641374999799353, 38.080522999797189 ], [ -87.640773000099884, 38.078264999684365 ], [ -87.641962000328505, 38.072056000341746 ], [ -87.638921000072486, 38.068104000258643 ], [ -87.637467000428344, 38.066760000226637 ], [ -87.637209999612097, 38.06518600000836 ], [ -87.637353999552133, 38.063336000181948 ], [ -87.639019999806692, 38.05888899987994 ], [ -87.641988000267759, 38.056411999856422 ], [ -87.642880000395422, 38.057611000208972 ], [ -87.645324999901462, 38.059249999670072 ], [ -87.644616000071892, 38.063321999764817 ], [ -87.645333000297384, 38.064868000237951 ], [ -87.647011000247502, 38.066227000277287 ], [ -87.653107999929802, 38.065983999884736 ], [ -87.65337200041877, 38.051558999798722 ], [ -87.687707000271558, 38.05139700016403 ], [ -87.689700999690871, 38.04924399980284 ], [ -87.689540999857286, 38.045582000045393 ], [ -87.690811000276753, 38.042799000216384 ], [ -87.697846000117465, 38.043280999940535 ], [ -87.697829000399025, 38.04349499974326 ] ] ] } },
{ "type": "Feature", "properties": { "AREALAND": 1268203, "AREAWATER": 12429, "BASENAME": "PERRY PRECINCT 10", "CENTLAT": "+37.9828586", "CENTLON": "-087.6287304", "COUNTY": "163", "FUNCSTAT": "N", "GEOID": "18163000370", "HU100": 441, "INTPTLAT": "+37.9843660", "INTPTLON": "-087.6318743", "LSADC": "00", "MTFCC": "G5240", "NAME": "PERRY PRECINCT 10", "OBJECTID": 81342, "OID": "2157010952343692", "POP100": 855, "STATE": "18", "VTD": "000370", "VTDI": "A" }, "geometry": { "type": "Polygon", "coordinates": [ [ [ -87.636773999593984, 37.980244000334466 ], [ -87.636609999562467, 37.986474000112331 ], [ -87.635431000277933, 37.986791999763298 ], [ -87.634548000371083, 37.988249000330534 ], [ -87.634341999608466, 37.989398000090937 ], [ -87.624557999589769, 37.985564999701069 ], [ -87.619362000255975, 37.982994000030267 ], [ -87.619577000341138, 37.976442000049978 ], [ -87.622396999765897, 37.978806000221219 ], [ -87.636824999647615, 37.979539999864222 ], [ -87.636773999593984, 37.980244000334466 ] ] ] } },
{ "type": "Feature", "properties": { "AREALAND": 672131, "AREAWATER": 0, "BASENAME": "WARD 03 PRECINCT 12", "CENTLAT": "+37.9811226", "CENTLON": "-087.5330955", "COUNTY": "163", "FUNCSTAT": "N", "GEOID": "18163000850", "HU100": 835, "INTPTLAT": "+37.9811226", "INTPTLON": "-087.5330955", "LSADC": "00", "MTFCC": "G5240", "NAME": "WARD 03 PRECINCT 12", "OBJECTID": 81343, "OID": "2157010952343752", "POP100": 1552, "STATE": "18", "VTD": "000850", "VTDI": "A" }, "geometry": { "type": "Polygon", "coordinates": [ [ [ -87.538591999998815, 37.977100000010388 ], [ -87.538499999937301, 37.981630000022442 ], [ -87.536838999705608, 37.9818319998829 ], [ -87.535394000282309, 37.982555000144096 ], [ -87.531943999772395, 37.986501999883117 ], [ -87.529234999777401, 37.988742999707966 ], [ -87.529329000387051, 37.97698799996661 ], [ -87.538591999998815, 37.977100000010388 ] ] ] } },
{ "type": "Feature", "properties": { "AREALAND": 1533113, "AREAWATER": 8677, "BASENAME": "CENTER PRECINCT 06", "CENTLAT": "+38.0444468", "CENTLON": "-087.5691157", "COUNTY": "163", "FUNCSTAT": "N", "GEOID": "18163000070", "HU100": 301, "INTPTLAT": "+38.0439411", "INTPTLON": "-087.5699212", "LSADC": "00", "MTFCC": "G5240", "NAME": "CENTER PRECINCT 06", "OBJECTID": 98569, "OID": "2157010952343585", "POP100": 744, "STATE": "18", "VTD": "000070", "VTDI": "A" }, "geometry": { "type": "Polygon", "coordinates": [ [ [ -87.578400999918045, 38.05010200034414 ], [ -87.574578000037576, 38.052601000337425 ], [ -87.573199999663075, 38.052449999869516 ], [ -87.571709000209012, 38.050764999951781 ], [ -87.569648999769157, 38.050660999841689 ], [ -87.566198000332648, 38.04949800003476 ], [ -87.56453299990298, 38.048258000071314 ], [ -87.562521000041997, 38.04584500029285 ], [ -87.562721999883451, 38.043833999919315 ], [ -87.562017000251856, 38.039781999703834 ], [ -87.562290999888248, 38.038253999775364 ], [ -87.563630999729568, 38.0368230003386 ], [ -87.564209000037891, 38.035717999729279 ], [ -87.568560999822893, 38.036170999722998 ], [ -87.57047399994967, 38.03720599971389 ], [ -87.569708000218696, 38.037838000233506 ], [ -87.569015000282661, 38.037562999999274 ], [ -87.569001000038952, 38.039781999703834 ], [ -87.571826000384874, 38.039852999916739 ], [ -87.57180000044562, 38.041165000060822 ], [ -87.574012000323123, 38.041224999680061 ], [ -87.574228000233191, 38.044215999781159 ], [ -87.578400999918045, 38.05010200034414 ] ] ] } },
{ "type": "Feature", "properties": { "AREALAND": 1915019, "AREAWATER": 50963, "BASENAME": "WARD 05 PRECINCT 14", "CENTLAT": "+38.0182119", "CENTLON": "-087.5544988", "COUNTY": "163", "FUNCSTAT": "N", "GEOID": "18163001180", "HU100": 436, "INTPTLAT": "+38.0153963", "INTPTLON": "-087.5528383", "LSADC": "00", "MTFCC": "G5240", "NAME": "WARD 05 PRECINCT 14", "OBJECTID": 98630, "OID": "2157010952343575", "POP100": 1031, "STATE": "18", "VTD": "001180", "VTDI": "A" }, "geometry": { "type": "Polygon", "coordinates": [ [ [ -87.56235500036064, 38.024832000035765 ], [ -87.562338999568809, 38.025561000350585 ], [ -87.5568250002177, 38.02550699997316 ], [ -87.555935999564767, 38.025385999808663 ], [ -87.554963000144568, 38.024696000250763 ], [ -87.546616999876491, 38.024576999966442 ], [ -87.546863999748709, 38.01572499997112 ], [ -87.550059999815389, 38.013941999737241 ], [ -87.54940500041252, 38.012491999725697 ], [ -87.549841000430618, 38.010972000311064 ], [ -87.55096600018679, 38.009666000067057 ], [ -87.552740000396383, 38.009193000279041 ], [ -87.554983000236035, 38.007919000094098 ], [ -87.557082999960556, 38.011830999873354 ], [ -87.56086300018336, 38.013875000081271 ], [ -87.562137999727369, 38.020408000048839 ], [ -87.56235500036064, 38.024832000035765 ] ] ] } },
{ "type": "Feature", "properties": { "AREALAND": 2176966, "AREAWATER": 52220, "BASENAME": "WARD 06 PRECINCT 16", "CENTLAT": "+37.9920624", "CENTLON": "-087.6065189", "COUNTY": "163", "FUNCSTAT": "N", "GEOID": "18163001350", "HU100": 816, "INTPTLAT": "+37.9920338", "INTPTLON": "-087.6077365", "LSADC": "00", "MTFCC": "G5240", "NAME": "WARD 06 PRECINCT 16", "OBJECTID": 98723, "OID": "2157010952343595", "POP100": 1760, "STATE": "18", "VTD": "001350", "VTDI": "A" }, "geometry": { "type": "Polygon", "coordinates": [ [ [ -87.618218000233227, 37.998851999705444 ], [ -87.613709000089386, 37.998834999648665 ], [ -87.613705999716331, 37.997035000151357 ], [ -87.609727000200238, 37.996949000274618 ], [ -87.607788000134178, 37.99846100023337 ], [ -87.610143999951745, 38.001656000200164 ], [ -87.610199000203338, 38.003180000297128 ], [ -87.605702999579961, 38.002579000136016 ], [ -87.602805000337412, 38.000753000270841 ], [ -87.600005000105824, 38.000690000091268 ], [ -87.600544000056104, 37.978424999764862 ], [ -87.609723999827182, 37.978548999727202 ], [ -87.609659000428167, 37.980996000200157 ], [ -87.604787000061151, 37.980926999892382 ], [ -87.606386000368573, 37.982424000070914 ], [ -87.60610900035914, 37.983261000236254 ], [ -87.605356000148632, 37.983153999893815 ], [ -87.604987000077699, 37.98343999982508 ], [ -87.604863000229145, 37.987793000240281 ], [ -87.607761000370004, 37.989041000197581 ], [ -87.609213000364321, 37.990688999755037 ], [ -87.609996999638639, 37.991089999647095 ], [ -87.613367999607519, 37.991297999672291 ], [ -87.614709000172084, 37.9905069997588 ], [ -87.615602000124682, 37.991712000084384 ], [ -87.616505999947904, 37.995796000090834 ], [ -87.618320000340475, 37.994971000055614 ], [ -87.618218000233227, 37.998851999705444 ] ] ] } },
{ "type": "Feature", "properties": { "AREALAND": 2701473, "AREAWATER": 0, "BASENAME": "CENTER PRECINCT 09", "CENTLAT": "+38.0143159", "CENTLON": "-087.5933244", "COUNTY": "163", "FUNCSTAT": "N", "GEOID": "18163000100", "HU100": 293, "INTPTLAT": "+38.0143159", "INTPTLON": "-087.5933244", "LSADC": "00", "MTFCC": "G5240", "NAME": "CENTER PRECINCT 09", "OBJECTID": 99465, "OID": "2157010952343669", "POP100": 675, "STATE": "18", "VTD": "000100", "VTDI": "A" }, "geometry": { "type": "Polygon", "coordinates": [ [ [ -87.599959000075074, 38.00448700017202 ], [ -87.599357000375633, 38.025863000076264 ], [ -87.587759999789299, 38.025740000019532 ], [ -87.586984999837497, 38.006169999946145 ], [ -87.587348000060658, 38.003810000208219 ], [ -87.588796999681918, 38.000120999815628 ], [ -87.59102399962805, 38.000168999790432 ], [ -87.591259999629628, 38.000629999836264 ], [ -87.590011000024873, 38.001356000262398 ], [ -87.591539000187197, 38.002629999814495 ], [ -87.591761999769929, 38.004388999826034 ], [ -87.592566999858974, 38.004718000165973 ], [ -87.592595000346378, 38.00566299977001 ], [ -87.59359500042909, 38.005355000046819 ], [ -87.594594999613477, 38.005706000274238 ], [ -87.594455999696308, 38.005201000053937 ], [ -87.595163999700972, 38.004887999659914 ], [ -87.59533000028064, 38.004162000226067 ], [ -87.596024999866501, 38.004722000150267 ], [ -87.597039000192893, 38.004831999986756 ], [ -87.59837200036155, 38.004452999835728 ], [ -87.598649000370969, 38.004040000029185 ], [ -87.597954999711718, 38.003700000254241 ], [ -87.598260000208541, 38.003117000079143 ], [ -87.599991999687049, 38.003304000186155 ], [ -87.599959000075074, 38.00448700017202 ] ] ] } },
{ "type": "Feature", "properties": { "AREALAND": 538232, "AREAWATER": 0, "BASENAME": "WARD 04 PRECINCT 17", "CENTLAT": "+37.9594523", "CENTLON": "-087.5634334", "COUNTY": "163", "FUNCSTAT": "N", "GEOID": "18163001060", "HU100": 781, "INTPTLAT": "+37.9594523", "INTPTLON": "-087.5634334", "LSADC": "00", "MTFCC": "G5240", "NAME": "WARD 04 PRECINCT 17", "OBJECTID": 99642, "OID": "2157010952343779", "POP100": 1210, "STATE": "18", "VTD": "001060", "VTDI": "A" }, "geometry": { "type": "Polygon", "coordinates": [ [ [ -87.567999000306415, 37.961681000137062 ], [ -87.566317000158335, 37.961858999895206 ], [ -87.565999000141019, 37.962049999828295 ], [ -87.565885000338199, 37.962937999679028 ], [ -87.559516999595928, 37.962932000180274 ], [ -87.559615000403525, 37.9556500002466 ], [ -87.565045000089057, 37.955833999826737 ], [ -87.56767299989319, 37.958646999823166 ], [ -87.569023999605164, 37.961427000053334 ], [ -87.567999000306415, 37.961681000137062 ] ] ] } },
{ "type": "Feature", "properties": { "AREALAND": 332877, "AREAWATER": 0, "BASENAME": "WARD 04 PRECINCT 13", "CENTLAT": "+37.9662591", "CENTLON": "-087.5453367", "COUNTY": "163", "FUNCSTAT": "N", "GEOID": "18163001020", "HU100": 379, "INTPTLAT": "+37.9662591", "INTPTLON": "-087.5453367", "LSADC": "00", "MTFCC": "G5240", "NAME": "WARD 04 PRECINCT 13", "OBJECTID": 99643, "OID": "2157010952343789", "POP100": 691, "STATE": "18", "VTD": "001020", "VTDI": "A" }, "geometry": { "type": "Polygon", "coordinates": [ [ [ -87.547745999830639, 37.963716999729037 ], [ -87.547657999967086, 37.970030000021652 ], [ -87.543897000010872, 37.970009999845097 ], [ -87.542747999965258, 37.966996999749767 ], [ -87.542804000041741, 37.962773000181635 ], [ -87.547774000318043, 37.962801999824038 ], [ -87.547745999830639, 37.963716999729037 ] ] ] } },
{ "type": "Feature", "properties": { "AREALAND": 1448704, "AREAWATER": 32646, "BASENAME": "WARD 05 PRECINCT 09", "CENTLAT": "+38.0082243", "CENTLON": "-087.5819541", "COUNTY": "163", "FUNCSTAT": "N", "GEOID": "18163001140", "HU100": 824, "INTPTLAT": "+38.0083931", "INTPTLON": "-087.5820822", "LSADC": "00", "MTFCC": "G5240", "NAME": "WARD 05 PRECINCT 09", "OBJECTID": 99645, "OID": "2157010952343574", "POP100": 1411, "STATE": "18", "VTD": "001140", "VTDI": "A" }, "geometry": { "type": "Polygon", "coordinates": [ [ [ -87.587770999659952, 38.002663000087203 ], [ -87.587112999883999, 38.004780999716317 ], [ -87.586932000134041, 38.00762900021774 ], [ -87.587759999789299, 38.025740000019532 ], [ -87.585648000369204, 38.025747999816659 ], [ -87.584917999724922, 38.02208100011083 ], [ -87.584264000146959, 38.01365299967442 ], [ -87.582750000228359, 38.011197999975309 ], [ -87.582701999649444, 38.00916399985605 ], [ -87.581454999694543, 38.009101999938345 ], [ -87.581442000174064, 38.008155999941835 ], [ -87.574299000378318, 38.007882999673903 ], [ -87.574629000091178, 37.995383999967487 ], [ -87.577875000386598, 37.997860000331457 ], [ -87.578385999849459, 37.999012999923195 ], [ -87.578298999810812, 38.001020999778063 ], [ -87.578907000256351, 38.001584999778309 ], [ -87.585232000442602, 38.003203999995179 ], [ -87.586698999607222, 38.0025459998255 ], [ -87.588047999669371, 38.000105999817087 ], [ -87.588796999681918, 38.000120999815628 ], [ -87.587770999659952, 38.002663000087203 ] ] ] } },
{ "type": "Feature", "properties": { "AREALAND": 427498, "AREAWATER": 0, "BASENAME": "WARD 02 PRECINCT 10", "CENTLAT": "+37.9586967", "CENTLON": "-087.5234439", "COUNTY": "163", "FUNCSTAT": "N", "GEOID": "18163000700", "HU100": 375, "INTPTLAT": "+37.9586967", "INTPTLON": "-087.5234439", "LSADC": "00", "MTFCC": "G5240", "NAME": "WARD 02 PRECINCT 10", "OBJECTID": 99769, "OID": "2157010952343777", "POP100": 777, "STATE": "18", "VTD": "000700", "VTDI": "A" }, "geometry": { "type": "Polygon", "coordinates": [ [ [ -87.527274999794969, 37.959957000048782 ], [ -87.526273000062432, 37.960909000171434 ], [ -87.524729000006616, 37.960990000198422 ], [ -87.524638999594927, 37.962689999920933 ], [ -87.52037800004652, 37.962676000098092 ], [ -87.520466999734964, 37.955169000233042 ], [ -87.527022999899884, 37.955260000190009 ], [ -87.526929000188559, 37.957643999668491 ], [ -87.52537199971394, 37.959045000302886 ], [ -87.527376999902231, 37.959064999924863 ], [ -87.527274999794969, 37.959957000048782 ] ] ] } },
{ "type": "Feature", "properties": { "AREALAND": 10098185, "AREAWATER": 178383, "BASENAME": "SCOTT PRECINCT 05", "CENTLAT": "+38.1006500", "CENTLON": "-087.5392402", "COUNTY": "163", "FUNCSTAT": "N", "GEOID": "18163000450", "HU100": 567, "INTPTLAT": "+38.1032759", "INTPTLON": "-087.5412797", "LSADC": "00", "MTFCC": "G5240", "NAME": "SCOTT PRECINCT 05", "OBJECTID": 101164, "OID": "2157010952343725", "POP100": 1417, "STATE": "18", "VTD": "000450", "VTDI": "A" }, "geometry": { "type": "Polygon", "coordinates": [ [ [ -87.559541999710277, 38.108201000176145 ], [ -87.549561000048115, 38.10796200001645 ], [ -87.544375999686679, 38.11052199990894 ], [ -87.540994999672051, 38.111544999920945 ], [ -87.539269000041344, 38.112841999997002 ], [ -87.533970999701978, 38.114715000323102 ], [ -87.530962999956259, 38.116305999837905 ], [ -87.529684000214289, 38.117609999783099 ], [ -87.529352999778183, 38.121207999833125 ], [ -87.528715000093726, 38.122537000014603 ], [ -87.512816999775993, 38.122278999784953 ], [ -87.513019000340677, 38.112773000150661 ], [ -87.512749999828841, 38.107400999758035 ], [ -87.530094000293118, 38.107777999768956 ], [ -87.529865999789152, 38.10614599990781 ], [ -87.530500000173987, 38.10338899981128 ], [ -87.533774000058486, 38.098626000010967 ], [ -87.532686999937141, 38.095168999844098 ], [ -87.535156999557529, 38.091493000077563 ], [ -87.535568000359575, 38.090325000275371 ], [ -87.534743000179049, 38.083887999866576 ], [ -87.53366299973041, 38.082284000244407 ], [ -87.535903999920237, 38.079029000054931 ], [ -87.555854000447312, 38.079522000058958 ], [ -87.557779000269647, 38.085534999963855 ], [ -87.559682000350676, 38.107165999852405 ], [ -87.559541999710277, 38.108201000176145 ] ] ] } },
{ "type": "Feature", "properties": { "AREALAND": 358615, "AREAWATER": 0, "BASENAME": "WARD 02 PRECINCT 07", "CENTLAT": "+37.9645939", "CENTLON": "-087.5297374", "COUNTY": "163", "FUNCSTAT": "N", "GEOID": "18163000670", "HU100": 351, "INTPTLAT": "+37.9645939", "INTPTLON": "-087.5297374", "LSADC": "00", "MTFCC": "G5240", "NAME": "WARD 02 PRECINCT 07", "OBJECTID": 108745, "OID": "2157010952343637", "POP100": 744, "STATE": "18", "VTD": "000670", "VTDI": "A" }, "geometry": { "type": "Polygon", "coordinates": [ [ [ -87.536885999561278, 37.966352999709002 ], [ -87.524515999571264, 37.966245000222386 ], [ -87.524600999960086, 37.962689999920933 ], [ -87.534129999710643, 37.962722999745679 ], [ -87.534087000052935, 37.964855000349544 ], [ -87.534549000010287, 37.964838000205518 ], [ -87.5360420000125, 37.96584399982725 ], [ -87.537868000100644, 37.966330999970744 ], [ -87.536885999561278, 37.966352999709002 ] ] ] } },
{ "type": "Feature", "properties": { "AREALAND": 820619, "AREAWATER": 0, "BASENAME": "CENTER PRECINCT 12", "CENTLAT": "+38.0224882", "CENTLON": "-087.5139670", "COUNTY": "163", "FUNCSTAT": "N", "GEOID": "18163000130", "HU100": 541, "INTPTLAT": "+38.0224882", "INTPTLON": "-087.5139670", "LSADC": "00", "MTFCC": "G5240", "NAME": "CENTER PRECINCT 12", "OBJECTID": 108746, "OID": "2157010952343659", "POP100": 1242, "STATE": "18", "VTD": "000130", "VTDI": "A" }, "geometry": { "type": "Polygon", "coordinates": [ [ [ -87.51903400000721, 38.027920999664516 ], [ -87.510162000207714, 38.027763000235417 ], [ -87.51047799967688, 38.014681999807408 ], [ -87.515045000445369, 38.015109000262783 ], [ -87.514929000094412, 38.0224330001505 ], [ -87.519475999873094, 38.022478999809643 ], [ -87.519357999872327, 38.027928000074702 ], [ -87.51903400000721, 38.027920999664516 ] ] ] } },
{ "type": "Feature", "properties": { "AREALAND": 71229072, "AREAWATER": 2598407, "BASENAME": "UNION PRECINCT 01", "CENTLAT": "+37.8773377", "CENTLON": "-087.6383397", "COUNTY": "163", "FUNCSTAT": "N", "GEOID": "18163000470", "HU100": 175, "INTPTLAT": "+37.8751603", "INTPTLON": "-087.6280260", "LSADC": "00", "MTFCC": "G5240", "NAME": "UNION PRECINCT 01", "OBJECTID": 108747, "OID": "2157010952343685", "POP100": 264, "STATE": "18", "VTD": "000470", "VTDI": "A" }, "geometry": { "type": "Polygon", "coordinates": [ [ [ -87.684787000389377, 37.903976000263917 ], [ -87.685914999620294, 37.904808000060108 ], [ -87.688125999672891, 37.904828999674272 ], [ -87.688882000256456, 37.906299999688365 ], [ -87.690269999778351, 37.90770800017907 ], [ -87.690362999664785, 37.908715000316242 ], [ -87.690074999784684, 37.909487000063656 ], [ -87.68722299967456, 37.912397000177464 ], [ -87.687339999850437, 37.913580999698169 ], [ -87.688974000317955, 37.91497899997529 ], [ -87.688786999821886, 37.915536000081403 ], [ -87.688156999635041, 37.915829000201505 ], [ -87.686804000273227, 37.915773999871242 ], [ -87.685267999715009, 37.914853999718126 ], [ -87.684855000161448, 37.915268000289643 ], [ -87.6853940001117, 37.916511000029324 ], [ -87.682832000429812, 37.916036000160844 ], [ -87.679818999762901, 37.917183999666889 ], [ -87.679432999973528, 37.918474999874896 ], [ -87.678520999754383, 37.919532000137806 ], [ -87.676698000039281, 37.921008999652756 ], [ -87.67385900034796, 37.922542000123826 ], [ -87.673159999665813, 37.922539999663741 ], [ -87.67286699976286, 37.922124999749649 ], [ -87.673613000300662, 37.919986999774402 ], [ -87.673111000160333, 37.919595999735037 ], [ -87.672400999607532, 37.919657000240512 ], [ -87.670300999883011, 37.922069999875568 ], [ -87.668889999896578, 37.92246399985634 ], [ -87.666850000446516, 37.922512000303321 ], [ -87.666392999613691, 37.923887999793024 ], [ -87.663706000258344, 37.926317000223243 ], [ -87.660422000328097, 37.927762999907046 ], [ -87.659339000404714, 37.928755000023223 ], [ -87.657381000072107, 37.928280999670278 ], [ -87.655990000177155, 37.929024999844778 ], [ -87.655103999897264, 37.929030999986999 ], [ -87.652425999864406, 37.92837200033383 ], [ -87.651532999911836, 37.927536999761521 ], [ -87.650210999613847, 37.927008000335597 ], [ -87.649753999679362, 37.928240000159882 ], [ -87.647260999594437, 37.928920999899731 ], [ -87.644293000031695, 37.930475999669909 ], [ -87.643930999633454, 37.931004999651847 ], [ -87.642517999997182, 37.935146999669406 ], [ -87.643210999933231, 37.936529000294357 ], [ -87.643533000148508, 37.938140000276697 ], [ -87.64290799998453, 37.938502000173749 ], [ -87.642184000086345, 37.938189000071546 ], [ -87.641568000143195, 37.93845499990617 ], [ -87.641958999955435, 37.940080000062871 ], [ -87.641512000066697, 37.94095400013601 ], [ -87.638946000186849, 37.94042300022263 ], [ -87.638372999901392, 37.940575999810626 ], [ -87.638300000106469, 37.940916000194925 ], [ -87.639346000219945, 37.942830999764745 ], [ -87.639470000068499, 37.943925000104421 ], [ -87.638012000226382, 37.946319000257404 ], [ -87.634688000113172, 37.947571000093376 ], [ -87.633640000349885, 37.947235000323893 ], [ -87.632863999674854, 37.945706999649722 ], [ -87.63225399957949, 37.945531000253595 ], [ -87.631774000078792, 37.946739999730184 ], [ -87.629774999738274, 37.947996999957539 ], [ -87.627285000026419, 37.947022999805249 ], [ -87.626341000020204, 37.947847000247215 ], [ -87.626069000033652, 37.948972999689666 ], [ -87.625756999864095, 37.949131999812117 ], [ -87.622416999857364, 37.94739599974104 ], [ -87.621467000003378, 37.947462999904914 ], [ -87.620988000327586, 37.946918999821762 ], [ -87.623914000057539, 37.944505000051379 ], [ -87.624807000010122, 37.943098000105408 ], [ -87.62476500017732, 37.942434000303599 ], [ -87.625874000039971, 37.941352999747778 ], [ -87.626701999695229, 37.939111000199169 ], [ -87.626370000332528, 37.938028999984347 ], [ -87.627362999844223, 37.936380999929732 ], [ -87.627536999921489, 37.93541999991541 ], [ -87.627371000240132, 37.934397999818927 ], [ -87.626057000338065, 37.933522999995695 ], [ -87.623520999697149, 37.930747000020986 ], [ -87.624596999947826, 37.930278000026441 ], [ -87.625895999781278, 37.928829000125432 ], [ -87.62684900000832, 37.926754000124134 ], [ -87.627269000132898, 37.924837999917273 ], [ -87.627316999813473, 37.920401999706172 ], [ -87.62536799970168, 37.915516999922048 ], [ -87.62396500011117, 37.913458999897863 ], [ -87.621786999670519, 37.91139700030584 ], [ -87.62194800022732, 37.909528000106498 ], [ -87.619500000348253, 37.906569000347879 ], [ -87.613058999811059, 37.902164000325477 ], [ -87.609948999958078, 37.900326000066386 ], [ -87.606917999747822, 37.898997000012066 ], [ -87.595887999599157, 37.892001000051813 ], [ -87.587141000371432, 37.884858000101019 ], [ -87.584989999694955, 37.881178999938548 ], [ -87.583736999892253, 37.878080000202672 ], [ -87.583925000213242, 37.872484999730951 ], [ -87.586303999597021, 37.872492999923232 ], [ -87.586392000358885, 37.870542000170602 ], [ -87.588035999973826, 37.868983999749979 ], [ -87.588085000377632, 37.867480000094645 ], [ -87.589201999737881, 37.863744999828015 ], [ -87.590255000422346, 37.863453000129624 ], [ -87.591114999864658, 37.862134000353947 ], [ -87.591457000171431, 37.860369000268285 ], [ -87.590267000117919, 37.858589999976395 ], [ -87.594741000101649, 37.853389000004846 ], [ -87.597532000112409, 37.848047000340976 ], [ -87.60078000005764, 37.845481000195178 ], [ -87.606552999874836, 37.838696000185799 ], [ -87.609886000208888, 37.836331000277305 ], [ -87.612446000240951, 37.833608000039554 ], [ -87.615345000206716, 37.831882000192259 ], [ -87.620989000152491, 37.83014299990144 ], [ -87.627274999980685, 37.828671000261508 ], [ -87.640711000175628, 37.82643999982794 ], [ -87.644160999787232, 37.826189000288608 ], [ -87.653837999675758, 37.826087000039585 ], [ -87.67034400043903, 37.827961999830904 ], [ -87.673763000088499, 37.82962299971603 ], [ -87.679411000232221, 37.836525000183009 ], [ -87.679685999693532, 37.838177000292752 ], [ -87.680863000226552, 37.840952999685278 ], [ -87.680998999770679, 37.844550000144693 ], [ -87.682097999587569, 37.846783000250213 ], [ -87.681382000085307, 37.851200999654601 ], [ -87.681684000209103, 37.856273000086908 ], [ -87.680814999647637, 37.857970000272161 ], [ -87.677792999658237, 37.861179999940113 ], [ -87.676328999968348, 37.864640000315219 ], [ -87.674678999607295, 37.86669499973474 ], [ -87.674420000039518, 37.867693999974357 ], [ -87.669876999560486, 37.874840999660272 ], [ -87.669291999579485, 37.875329999672481 ], [ -87.666714000004063, 37.880037999903934 ], [ -87.664055000237809, 37.887339999954186 ], [ -87.664375999729856, 37.889730000043052 ], [ -87.665373000337823, 37.893351000288909 ], [ -87.666840000400768, 37.895762999802791 ], [ -87.670501999724465, 37.898983000105638 ], [ -87.67501099986832, 37.901642999724324 ], [ -87.679956000030259, 37.903220000198104 ], [ -87.682443000267384, 37.903616000053603 ], [ -87.684652999596764, 37.903521000117884 ], [ -87.684787000389377, 37.903976000263917 ] ] ] } },
{ "type": "Feature", "properties": { "AREALAND": 21501923, "AREAWATER": 891760, "BASENAME": "KNIGHT PRECINCT 01", "CENTLAT": "+37.9306062", "CENTLON": "-087.5016107", "COUNTY": "163", "FUNCSTAT": "N", "GEOID": "18163000240", "HU100": 1176, "INTPTLAT": "+37.9239248", "INTPTLON": "-087.5119734", "LSADC": "00", "MTFCC": "G5240", "NAME": "KNIGHT PRECINCT 01", "OBJECTID": 108748, "OID": "2157010952343706", "POP100": 2507, "STATE": "18", "VTD": "000240", "VTDI": "A" }, "geometry": { "type": "Polygon", "coordinates": [ [ [ -87.548482000322707, 37.92403900007367 ], [ -87.548243999773007, 37.940844000178174 ], [ -87.546087000147082, 37.940728000160192 ], [ -87.538802000061096, 37.937405999815581 ], [ -87.533543000079803, 37.935811000126421 ], [ -87.529141000066076, 37.936187000072714 ], [ -87.527136999702705, 37.937591000124641 ], [ -87.523369999898705, 37.93826200022589 ], [ -87.520589999758627, 37.938308000247069 ], [ -87.51437199970249, 37.93996099992254 ], [ -87.502821000045245, 37.939139000323316 ], [ -87.49875399976726, 37.939561999838013 ], [ -87.494617000067407, 37.938940999925009 ], [ -87.492959000208742, 37.939182999788365 ], [ -87.492948000338089, 37.947790000007771 ], [ -87.488364999676094, 37.947779999725114 ], [ -87.488382000292845, 37.948607999679545 ], [ -87.487434999913575, 37.948598000216563 ], [ -87.487446999609148, 37.947773999696501 ], [ -87.48658600034193, 37.947767999667406 ], [ -87.486427000333279, 37.948648999872006 ], [ -87.486013999881393, 37.948641999685265 ], [ -87.486035999622715, 37.947762999878947 ], [ -87.484965000293201, 37.947756000316176 ], [ -87.484940000178838, 37.949484000057552 ], [ -87.483275999574104, 37.949459000278871 ], [ -87.483279999772051, 37.948981000069367 ], [ -87.481719999822701, 37.948973999914251 ], [ -87.481723000195771, 37.948558000225958 ], [ -87.480819000372506, 37.948552999782869 ], [ -87.48070800004443, 37.947733999965635 ], [ -87.480701000371738, 37.948663000243492 ], [ -87.481586999753304, 37.948666999741953 ], [ -87.481582999555343, 37.949168000019263 ], [ -87.482053999733552, 37.949498000269877 ], [ -87.482565000094709, 37.949358000151385 ], [ -87.483375000206607, 37.94993600000042 ], [ -87.484618999788481, 37.950198999901993 ], [ -87.485597000129872, 37.950937000176047 ], [ -87.485763999636134, 37.951775999895474 ], [ -87.486284000218134, 37.951782000305556 ], [ -87.486269000149534, 37.95263399973112 ], [ -87.486771000289863, 37.952638999896443 ], [ -87.487441999586281, 37.953320999708637 ], [ -87.488240000002605, 37.953329999780202 ], [ -87.488205999667429, 37.954974999683685 ], [ -87.471379000310435, 37.954822000327596 ], [ -87.471442000059625, 37.951646999813931 ], [ -87.471996999903396, 37.95165399971436 ], [ -87.472422000050855, 37.950813999818756 ], [ -87.471396000028861, 37.950379000272335 ], [ -87.471391999830914, 37.949173999934033 ], [ -87.470954999987896, 37.948462000017862 ], [ -87.471746999658137, 37.947657999991932 ], [ -87.471200000210288, 37.947357000050992 ], [ -87.468015999839167, 37.947703000265513 ], [ -87.450707000433312, 37.947762999878947 ], [ -87.45121899972105, 37.940808000143313 ], [ -87.462089000036173, 37.935474999722885 ], [ -87.469328000091394, 37.930663999711051 ], [ -87.469294999581109, 37.930076999821424 ], [ -87.470578000419366, 37.929731000229502 ], [ -87.476348999688412, 37.926529000241686 ], [ -87.480766999595659, 37.923580999702388 ], [ -87.487501999860726, 37.91808199972013 ], [ -87.497630999660899, 37.910698999964964 ], [ -87.503467000125596, 37.907893000083391 ], [ -87.506364000441565, 37.907035000319716 ], [ -87.506537999620505, 37.906676999664114 ], [ -87.509720000341829, 37.906027999871284 ], [ -87.511018000350361, 37.906191999818802 ], [ -87.517903000403265, 37.911082000270284 ], [ -87.521999000095235, 37.913307999864912 ], [ -87.53176700022037, 37.916303000028805 ], [ -87.548482000322707, 37.92403900007367 ] ] ] } },
{ "type": "Feature", "properties": { "AREALAND": 9133532, "AREAWATER": 219884, "BASENAME": "CENTER PRECINCT 08", "CENTLAT": "+38.0579307", "CENTLON": "-087.5873333", "COUNTY": "163", "FUNCSTAT": "N", "GEOID": "18163000090", "HU100": 635, "INTPTLAT": "+38.0562502", "INTPTLON": "-087.5873482", "LSADC": "00", "MTFCC": "G5240", "NAME": "CENTER PRECINCT 08", "OBJECTID": 109342, "OID": "2157010952343576", "POP100": 1607, "STATE": "18", "VTD": "000090", "VTDI": "A" }, "geometry": { "type": "Polygon", "coordinates": [ [ [ -87.59886100008309, 38.040004000190422 ], [ -87.598031999704602, 38.080050999895107 ], [ -87.579387999581982, 38.079687999790011 ], [ -87.575823000342652, 38.077316000060044 ], [ -87.575274000346653, 38.076441999831296 ], [ -87.575626999625769, 38.0742719999051 ], [ -87.577370999698118, 38.070535999954721 ], [ -87.57659099972345, 38.067492999831003 ], [ -87.57761300044578, 38.066046999802097 ], [ -87.577943999983574, 38.063631999987564 ], [ -87.577348000131906, 38.061580000214597 ], [ -87.575654000288253, 38.059707999725006 ], [ -87.574331000165344, 38.053085000342001 ], [ -87.574656999680286, 38.052532999729607 ], [ -87.578158000243818, 38.050455999947118 ], [ -87.578405999940941, 38.049975999880481 ], [ -87.574228000233191, 38.044215999781159 ], [ -87.574258000370421, 38.042383999975669 ], [ -87.573726999917781, 38.039954999723442 ], [ -87.577354999804612, 38.039014000305912 ], [ -87.579283, 38.037105000054602 ], [ -87.582142999607726, 38.035958999943567 ], [ -87.582214999577744, 38.036462000316668 ], [ -87.582581999998851, 38.036599999668852 ], [ -87.598970999687936, 38.036816000070907 ], [ -87.59886100008309, 38.040004000190422 ] ] ] } },
{ "type": "Feature", "properties": { "AREALAND": 145558, "AREAWATER": 3855, "BASENAME": "WARD 06 PRECINCT 0 (NV)", "CENTLAT": "+37.9988499", "CENTLON": "-087.5911694", "COUNTY": "163", "FUNCSTAT": "N", "GEOID": "18163001210", "HU100": 0, "INTPTLAT": "+37.9987781", "INTPTLON": "-087.5914307", "LSADC": "00", "MTFCC": "G5240", "NAME": "WARD 06 PRECINCT 0 (NV)", "OBJECTID": 109343, "OID": "2157010952343586", "POP100": 0, "STATE": "18", "VTD": "001210", "VTDI": "A" }, "geometry": { "type": "Polygon", "coordinates": [ [ [ -87.594905000133195, 38.000009000224161 ], [ -87.594397999969999, 38.000075000282223 ], [ -87.593931999814671, 37.999419999671368 ], [ -87.592105999726527, 37.999354999977939 ], [ -87.593093000288761, 38.000141000280884 ], [ -87.593050999557647, 38.000722999821299 ], [ -87.592315999788809, 38.00132300010938 ], [ -87.59143999955468, 38.000180000252186 ], [ -87.588047999669371, 38.000105999817087 ], [ -87.588979000155121, 37.998338000201983 ], [ -87.589342000378281, 37.996604000183474 ], [ -87.592647000224929, 37.997552999959368 ], [ -87.593550000223246, 37.998717000103447 ], [ -87.594883000391889, 37.999524000335192 ], [ -87.594905000133195, 38.000009000224161 ] ] ] } },
{ "type": "Feature", "properties": { "AREALAND": 1162810, "AREAWATER": 33479, "BASENAME": "WARD 06 PRECINCT 17", "CENTLAT": "+37.9890219", "CENTLON": "-087.6203819", "COUNTY": "163", "FUNCSTAT": "N", "GEOID": "18163001360", "HU100": 775, "INTPTLAT": "+37.9884763", "INTPTLON": "-087.6181477", "LSADC": "00", "MTFCC": "G5240", "NAME": "WARD 06 PRECINCT 17", "OBJECTID": 109831, "OID": "2157010952343756", "POP100": 1544, "STATE": "18", "VTD": "001360", "VTDI": "A" }, "geometry": { "type": "Polygon", "coordinates": [ [ [ -87.627491999715645, 37.992483999663577 ], [ -87.627459999928604, 37.992684000118636 ], [ -87.627016000412894, 37.992301000238484 ], [ -87.626638999946039, 37.992676000252523 ], [ -87.625408999709563, 37.992665999710646 ], [ -87.616505999947904, 37.995796000090834 ], [ -87.615551000071051, 37.991583999717413 ], [ -87.612832999855229, 37.988860000042166 ], [ -87.61233300026305, 37.987446000163786 ], [ -87.615233000053721, 37.987232999903782 ], [ -87.615260999642814, 37.985187999984134 ], [ -87.615818000034736, 37.985089000313884 ], [ -87.615592000078919, 37.983663999874139 ], [ -87.618287999655109, 37.982589999778135 ], [ -87.624557999589769, 37.985564999701069 ], [ -87.627612000264563, 37.986673000248992 ], [ -87.627491999715645, 37.992483999663577 ] ] ] } },
{ "type": "Feature", "properties": { "AREALAND": 1023588, "AREAWATER": 3473, "BASENAME": "WARD 06 PRECINCT 02", "CENTLAT": "+37.9885685", "CENTLON": "-087.5822529", "COUNTY": "163", "FUNCSTAT": "N", "GEOID": "18163001230", "HU100": 727, "INTPTLAT": "+37.9887921", "INTPTLON": "-087.5818175", "LSADC": "00", "MTFCC": "G5240", "NAME": "WARD 06 PRECINCT 02", "OBJECTID": 109832, "OID": "2157010952343766", "POP100": 1818, "STATE": "18", "VTD": "001230", "VTDI": "A" }, "geometry": { "type": "Polygon", "coordinates": [ [ [ -87.591648999792028, 37.987905999772217 ], [ -87.589963000344298, 37.989837000098696 ], [ -87.584940000364554, 37.99212099997564 ], [ -87.583304000247225, 37.992348000033836 ], [ -87.574720000327787, 37.992247999770434 ], [ -87.574952999956281, 37.984866999838331 ], [ -87.581108000263228, 37.984925000065665 ], [ -87.581258999875956, 37.985460000049656 ], [ -87.590533000256684, 37.98556199981428 ], [ -87.591240000436443, 37.987141999923274 ], [ -87.591803999602732, 37.987613000244281 ], [ -87.591648999792028, 37.987905999772217 ] ] ] } },
{ "type": "Feature", "properties": { "AREALAND": 488246, "AREAWATER": 0, "BASENAME": "WARD 03 PRECINCT 13", "CENTLAT": "+37.9882419", "CENTLON": "-087.5600793", "COUNTY": "163", "FUNCSTAT": "N", "GEOID": "18163000860", "HU100": 545, "INTPTLAT": "+37.9882419", "INTPTLON": "-087.5600793", "LSADC": "00", "MTFCC": "G5240", "NAME": "WARD 03 PRECINCT 13", "OBJECTID": 109833, "OID": "2157010952343776", "POP100": 1105, "STATE": "18", "VTD": "000860", "VTDI": "A" }, "geometry": { "type": "Polygon", "coordinates": [ [ [ -87.56380800017989, 37.986114000286854 ], [ -87.56367000008764, 37.991202999764575 ], [ -87.560993999704607, 37.991196000094391 ], [ -87.560976999986181, 37.99244000026907 ], [ -87.560895999795335, 37.9921269999207 ], [ -87.559843999834087, 37.992060999789835 ], [ -87.556620000178299, 37.992237999878178 ], [ -87.556632999698778, 37.984707000169777 ], [ -87.563834999944063, 37.984739000272981 ], [ -87.56380800017989, 37.986114000286854 ] ] ] } },
{ "type": "Feature", "properties": { "AREALAND": 1302515, "AREAWATER": 0, "BASENAME": "WARD 03 PRECINCT 17", "CENTLAT": "+37.9660132", "CENTLON": "-087.5019237", "COUNTY": "163", "FUNCSTAT": "N", "GEOID": "18163000890", "HU100": 564, "INTPTLAT": "+37.9660132", "INTPTLON": "-087.5019237", "LSADC": "00", "MTFCC": "G5240", "NAME": "WARD 03 PRECINCT 17", "OBJECTID": 109834, "OID": "2157010952343696", "POP100": 1234, "STATE": "18", "VTD": "000890", "VTDI": "A" }, "geometry": { "type": "Polygon", "coordinates": [ [ [ -87.511138000000969, 37.964252999934445 ], [ -87.511015999802225, 37.969759000069971 ], [ -87.492676000351523, 37.969525999860487 ], [ -87.492688000047096, 37.962388999954591 ], [ -87.511172000336131, 37.962456999941907 ], [ -87.511138000000969, 37.964252999934445 ] ] ] } },
{ "type": "Feature", "properties": { "AREALAND": 1328542, "AREAWATER": 0, "BASENAME": "WARD 02 PRECINCT 15", "CENTLAT": "+37.9421134", "CENTLON": "-087.5274078", "COUNTY": "163", "FUNCSTAT": "N", "GEOID": "18163000740", "HU100": 780, "INTPTLAT": "+37.9421134", "INTPTLON": "-087.5274078", "LSADC": "00", "MTFCC": "G5240", "NAME": "WARD 02 PRECINCT 15", "OBJECTID": 109891, "OID": "2157010952343635", "POP100": 1669, "STATE": "18", "VTD": "000740", "VTDI": "A" }, "geometry": { "type": "Polygon", "coordinates": [ [ [ -87.534708000018952, 37.936448999904457 ], [ -87.534415999940904, 37.93711299993582 ], [ -87.534421999788691, 37.945688999763043 ], [ -87.532650999952139, 37.944541999976963 ], [ -87.529869999987142, 37.944468000107165 ], [ -87.529825999606189, 37.948129000072733 ], [ -87.520557999971572, 37.948030000008572 ], [ -87.520707999759381, 37.93845499990617 ], [ -87.527136999702705, 37.937591000124641 ], [ -87.529141000066076, 37.936187000072714 ], [ -87.533543000079803, 37.935811000126421 ], [ -87.534839000438524, 37.936088000214966 ], [ -87.534708000018952, 37.936448999904457 ] ] ] } },
{ "type": "Feature", "properties": { "AREALAND": 1551949, "AREAWATER": 37402, "BASENAME": "KNIGHT PRECINCT 04", "CENTLAT": "+38.0250063", "CENTLON": "-087.4819607", "COUNTY": "163", "FUNCSTAT": "N", "GEOID": "18163000270", "HU100": 17, "INTPTLAT": "+38.0242104", "INTPTLON": "-087.4841197", "LSADC": "00", "MTFCC": "G5240", "NAME": "KNIGHT PRECINCT 04", "OBJECTID": 110050, "OID": "2157010952343649", "POP100": 36, "STATE": "18", "VTD": "000270", "VTDI": "A" }, "geometry": { "type": "Polygon", "coordinates": [ [ [ -87.492211999846035, 38.024098999909739 ], [ -87.492205999998248, 38.027070999975599 ], [ -87.491939999859468, 38.027380000308248 ], [ -87.48920099972726, 38.028678000321456 ], [ -87.487268000407326, 38.029220999676539 ], [ -87.4854220002277, 38.029091000005835 ], [ -87.484407000076374, 38.028339000039985 ], [ -87.483145000052858, 38.026728999716177 ], [ -87.480297999965615, 38.025869000090978 ], [ -87.47921000001935, 38.026898999821213 ], [ -87.479086000170781, 38.030151999998374 ], [ -87.475618000117535, 38.030841999826144 ], [ -87.475583999782359, 38.032542999981224 ], [ -87.474896999694082, 38.033255000126204 ], [ -87.472642999983776, 38.032573000144893 ], [ -87.472929000214052, 38.032494000182801 ], [ -87.472176000003543, 38.02746699973401 ], [ -87.473588999639802, 38.027277999971552 ], [ -87.473592999837777, 38.020369000222111 ], [ -87.492216999868916, 38.020345999733877 ], [ -87.492211999846035, 38.024098999909739 ] ] ] } },
{ "type": "Feature", "properties": { "AREALAND": 5954377, "AREAWATER": 61064, "BASENAME": "PERRY PRECINCT 07", "CENTLAT": "+37.9721504", "CENTLON": "-087.6843140", "COUNTY": "163", "FUNCSTAT": "N", "GEOID": "18163000340", "HU100": 690, "INTPTLAT": "+37.9725644", "INTPTLON": "-087.6872810", "LSADC": "00", "MTFCC": "G5240", "NAME": "PERRY PRECINCT 07", "OBJECTID": 110051, "OID": "2157010952343719", "POP100": 1834, "STATE": "18", "VTD": "000340", "VTDI": "A" }, "geometry": { "type": "Polygon", "coordinates": [ [ [ -87.699339000119679, 37.951440000231067 ], [ -87.698877999987218, 37.980482999992496 ], [ -87.694116999948292, 37.980730999833987 ], [ -87.687799000333072, 37.98334999985299 ], [ -87.685840000175531, 37.983344999654655 ], [ -87.681383999735132, 37.982492999679188 ], [ -87.674892999867538, 37.982307000094281 ], [ -87.672261999690363, 37.981202000240579 ], [ -87.667495999628571, 37.979960000297631 ], [ -87.663785999725974, 37.979897999764461 ], [ -87.663957000328509, 37.969768000251648 ], [ -87.685500000416909, 37.965104999887984 ], [ -87.687537000392254, 37.964347000013802 ], [ -87.689395000267439, 37.962876999676276 ], [ -87.696482999811607, 37.953985999741199 ], [ -87.699339000119679, 37.951440000231067 ] ] ] } },
{ "type": "Feature", "properties": { "AREALAND": 1873415, "AREAWATER": 21947, "BASENAME": "WARD 03 PRECINCT 14", "CENTLAT": "+37.9946253", "CENTLON": "-087.5336826", "COUNTY": "163", "FUNCSTAT": "N", "GEOID": "18163000870", "HU100": 625, "INTPTLAT": "+37.9945317", "INTPTLON": "-087.5341319", "LSADC": "00", "MTFCC": "G5240", "NAME": "WARD 03 PRECINCT 14", "OBJECTID": 110052, "OID": "2157010952343759", "POP100": 1246, "STATE": "18", "VTD": "000870", "VTDI": "A" }, "geometry": { "type": "Polygon", "coordinates": [ [ [ -87.538376000088746, 37.992536999961168 ], [ -87.53794400026861, 37.993898000135516 ], [ -87.537562999603793, 38.000349999648797 ], [ -87.538326999684955, 38.004177000102864 ], [ -87.536369000250644, 38.005916000217972 ], [ -87.535635000306726, 38.006098999648138 ], [ -87.534267999802893, 38.005980999758435 ], [ -87.531703999572869, 38.004966999657036 ], [ -87.529942999782065, 38.003590000135247 ], [ -87.52713500005288, 38.000234999704496 ], [ -87.527432000153809, 37.997947000113264 ], [ -87.529720000199305, 37.998057999758309 ], [ -87.529100000058207, 37.997183000065291 ], [ -87.529157999784516, 37.991692999795099 ], [ -87.526386999865252, 37.99165400026655 ], [ -87.526805000340005, 37.990774999891805 ], [ -87.531943999772395, 37.986501999883117 ], [ -87.535394000282309, 37.982555000144096 ], [ -87.536838999705608, 37.9818319998829 ], [ -87.538499999937301, 37.981630000022442 ], [ -87.538336999730703, 37.991836999889799 ], [ -87.538776000121828, 37.991848000185279 ], [ -87.538376000088746, 37.992536999961168 ] ] ] } },
{ "type": "Feature", "properties": { "AREALAND": 2107498, "AREAWATER": 0, "BASENAME": "WARD 04 PRECINCT 01", "CENTLAT": "+37.9716985", "CENTLON": "-087.5676739", "COUNTY": "163", "FUNCSTAT": "N", "GEOID": "18163000900", "HU100": 1278, "INTPTLAT": "+37.9716985", "INTPTLON": "-087.5676739", "LSADC": "00", "MTFCC": "G5240", "NAME": "WARD 04 PRECINCT 01", "OBJECTID": 110055, "OID": "2157010952343769", "POP100": 1808, "STATE": "18", "VTD": "000900", "VTDI": "A" }, "geometry": { "type": "Polygon", "coordinates": [ [ [ -87.581283000165413, 37.974935000226886 ], [ -87.581244999632261, 37.977931000313411 ], [ -87.575306999958613, 37.977602000192945 ], [ -87.575014999880565, 37.977069999800442 ], [ -87.573506999809752, 37.976919000139155 ], [ -87.56800199978116, 37.977059999963799 ], [ -87.56426799958912, 37.976662999966024 ], [ -87.564049000204307, 37.97714999986092 ], [ -87.558975000170932, 37.977065999724346 ], [ -87.559114000088115, 37.968461999960894 ], [ -87.556819000369927, 37.96844200006543 ], [ -87.556891000339945, 37.962930000111179 ], [ -87.564031999587556, 37.962940999782376 ], [ -87.563993000127823, 37.966538000080135 ], [ -87.56622300044701, 37.969308000253179 ], [ -87.570545999919688, 37.967101000343874 ], [ -87.571894000156945, 37.96876399977446 ], [ -87.57407000004946, 37.967673000270089 ], [ -87.577342000284119, 37.971700999703486 ], [ -87.581038999767927, 37.973927999947549 ], [ -87.581283000165413, 37.974935000226886 ] ] ] } },
{ "type": "Feature", "properties": { "AREALAND": 416692, "AREAWATER": 0, "BASENAME": "WARD 04 PRECINCT 06", "CENTLAT": "+37.9610643", "CENTLON": "-087.5536963", "COUNTY": "163", "FUNCSTAT": "N", "GEOID": "18163000950", "HU100": 472, "INTPTLAT": "+37.9610643", "INTPTLON": "-087.5536963", "LSADC": "00", "MTFCC": "G5240", "NAME": "WARD 04 PRECINCT 06", "OBJECTID": 110228, "OID": "2157010952343781", "POP100": 991, "STATE": "18", "VTD": "000950", "VTDI": "A" }, "geometry": { "type": "Polygon", "coordinates": [ [ [ -87.559560000151961, 37.961243999668859 ], [ -87.559516999595928, 37.962932000180274 ], [ -87.547774000318043, 37.962801999824038 ], [ -87.547871000402438, 37.959184999667052 ], [ -87.559514999946103, 37.959244999818743 ], [ -87.559560000151961, 37.961243999668859 ] ] ] } },
{ "type": "Feature", "properties": { "AREALAND": 742496, "AREAWATER": 0, "BASENAME": "WARD 03 PRECINCT 10", "CENTLAT": "+37.9836497", "CENTLON": "-087.5668626", "COUNTY": "163", "FUNCSTAT": "N", "GEOID": "18163000830", "HU100": 747, "INTPTLAT": "+37.9836497", "INTPTLON": "-087.5668626", "LSADC": "00", "MTFCC": "G5240", "NAME": "WARD 03 PRECINCT 10", "OBJECTID": 110286, "OID": "2157010952343771", "POP100": 1367, "STATE": "18", "VTD": "000830", "VTDI": "A" }, "geometry": { "type": "Polygon", "coordinates": [ [ [ -87.570976000089999, 37.986632000044402 ], [ -87.570934000257211, 37.988465999927861 ], [ -87.565656000009326, 37.988381000312152 ], [ -87.565587000412364, 37.991202000115159 ], [ -87.56367000008764, 37.991202999764575 ], [ -87.563942000074192, 37.977701999884083 ], [ -87.56426799958912, 37.976662999966024 ], [ -87.570797999814758, 37.977104999926127 ], [ -87.568529000035852, 37.977221999699132 ], [ -87.568453999692764, 37.981140000048676 ], [ -87.57074400028641, 37.981186999913476 ], [ -87.570622000087667, 37.984820999942812 ], [ -87.571029999618375, 37.98482899995745 ], [ -87.570976000089999, 37.986632000044402 ] ] ] } },
{ "type": "Feature", "properties": { "AREALAND": 2092346, "AREAWATER": 11018, "BASENAME": "CENTER PRECINCT 15", "CENTLAT": "+38.0671826", "CENTLON": "-087.5555793", "COUNTY": "163", "FUNCSTAT": "N", "GEOID": "18163000160", "HU100": 701, "INTPTLAT": "+38.0758180", "INTPTLON": "-087.5586733", "LSADC": "00", "MTFCC": "G5240", "NAME": "CENTER PRECINCT 15", "OBJECTID": 110600, "OID": "2157010952343571", "POP100": 1863, "STATE": "18", "VTD": "000160", "VTDI": "A" }, "geometry": { "type": "Polygon", "coordinates": [ [ [ -87.560556000036698, 38.060407000120506 ], [ -87.560397999852952, 38.061199999940406 ], [ -87.561091999613893, 38.064104999831649 ], [ -87.560397000028047, 38.073822999931167 ], [ -87.561038999910451, 38.076007999763974 ], [ -87.561007000123396, 38.079517999915993 ], [ -87.55476300012802, 38.079522999917913 ], [ -87.546979000274746, 38.057608999892047 ], [ -87.561551999921448, 38.057860000339687 ], [ -87.560556000036698, 38.060407000120506 ] ] ] } },
{ "type": "Feature", "properties": { "AREALAND": 4085082, "AREAWATER": 137961, "BASENAME": "CENTER PRECINCT 11", "CENTLAT": "+38.0654451", "CENTLON": "-087.5162458", "COUNTY": "163", "FUNCSTAT": "N", "GEOID": "18163000120", "HU100": 1147, "INTPTLAT": "+38.0652236", "INTPTLON": "-087.5156830", "LSADC": "00", "MTFCC": "G5240", "NAME": "CENTER PRECINCT 11", "OBJECTID": 110667, "OID": "2157010952343581", "POP100": 2936, "STATE": "18", "VTD": "000120", "VTDI": "A" }, "geometry": { "type": "Polygon", "coordinates": [ [ [ -87.530020999599884, 38.05104499994895 ], [ -87.527694000094627, 38.055035000070362 ], [ -87.527580000291806, 38.056843999845562 ], [ -87.528366000114261, 38.058499999876076 ], [ -87.527554000352524, 38.06085599968786 ], [ -87.524899999710826, 38.063705999928722 ], [ -87.525694999754123, 38.066030999817009 ], [ -87.525657999944201, 38.067446000130765 ], [ -87.519813000156987, 38.071820999931433 ], [ -87.518614999707566, 38.07376999972243 ], [ -87.516402999830049, 38.078762999943073 ], [ -87.499527999894141, 38.078498000150873 ], [ -87.515047000095194, 38.054833000282628 ], [ -87.521228000341395, 38.054920000343557 ], [ -87.519849999966908, 38.053467000035546 ], [ -87.520248000350165, 38.05414300013674 ], [ -87.518485999836116, 38.054133999698202 ], [ -87.518485999836116, 38.053557999746239 ], [ -87.518084000153223, 38.053554000305482 ], [ -87.51809099982593, 38.053197000173547 ], [ -87.51963499988176, 38.053198999903742 ], [ -87.518852000432346, 38.05126799977932 ], [ -87.519433000215386, 38.051278000107899 ], [ -87.51944699956077, 38.050746000112738 ], [ -87.520605999652133, 38.05065100013622 ], [ -87.520582000261001, 38.049918999734238 ], [ -87.53017700013379, 38.050029000348985 ], [ -87.530020999599884, 38.05104499994895 ] ] ] } },
{ "type": "Feature", "properties": { "AREALAND": 913193, "AREAWATER": 2443, "BASENAME": "WARD 05 PRECINCT 01", "CENTLAT": "+38.0211160", "CENTLON": "-087.5657785", "COUNTY": "163", "FUNCSTAT": "N", "GEOID": "18163001070", "HU100": 523, "INTPTLAT": "+38.0171315", "INTPTLON": "-087.5643850", "LSADC": "00", "MTFCC": "G5240", "NAME": "WARD 05 PRECINCT 01", "OBJECTID": 110932, "OID": "2157010952343677", "POP100": 1148, "STATE": "18", "VTD": "001070", "VTDI": "A" }, "geometry": { "type": "Polygon", "coordinates": [ [ [ -87.57091499999062, 38.028139999747289 ], [ -87.570872000332926, 38.029077999955305 ], [ -87.565461000015659, 38.028893000183814 ], [ -87.565179999808279, 38.029157999903013 ], [ -87.565076999876112, 38.030985000349517 ], [ -87.564142999915646, 38.031089000104508 ], [ -87.56420400001501, 38.028868999697295 ], [ -87.564717999850913, 38.027253999663571 ], [ -87.565529999612636, 38.026478999968965 ], [ -87.56566900042813, 38.023963000179513 ], [ -87.5663780002577, 38.023599999928777 ], [ -87.566753000176419, 38.022995999684284 ], [ -87.563466999698036, 38.025043000279659 ], [ -87.562352999812518, 38.024959999686097 ], [ -87.562137999727369, 38.020408000048839 ], [ -87.560889000122629, 38.013912999777446 ], [ -87.569256000307064, 38.014071000053747 ], [ -87.569442999904822, 38.016309999708241 ], [ -87.567610999968892, 38.018737999952982 ], [ -87.567601999748078, 38.023361999852781 ], [ -87.568617999724296, 38.024450000258533 ], [ -87.568737000448309, 38.025085000134951 ], [ -87.570858000089245, 38.025253000023035 ], [ -87.57091499999062, 38.028139999747289 ] ] ] } },
{ "type": "Feature", "properties": { "AREALAND": 1401233, "AREAWATER": 0, "BASENAME": "WARD 05 PRECINCT 16", "CENTLAT": "+38.0321675", "CENTLON": "-087.5814211", "COUNTY": "163", "FUNCSTAT": "N", "GEOID": "18163001200", "HU100": 555, "INTPTLAT": "+38.0321675", "INTPTLON": "-087.5814211", "LSADC": "00", "MTFCC": "G5240", "NAME": "WARD 05 PRECINCT 16", "OBJECTID": 110945, "OID": "2157010952343674", "POP100": 1379, "STATE": "18", "VTD": "001200", "VTDI": "A" }, "geometry": { "type": "Polygon", "coordinates": [ [ [ -87.588188000309799, 38.036690999827478 ], [ -87.582418999792225, 38.036582000137244 ], [ -87.582142999607726, 38.035958999943567 ], [ -87.579283, 38.037105000054602 ], [ -87.577354999804612, 38.039014000305912 ], [ -87.573726999917781, 38.039954999723442 ], [ -87.573507999634671, 38.038566000180367 ], [ -87.573736000138609, 38.030680000345811 ], [ -87.580736999644145, 38.030670999853143 ], [ -87.580519000084266, 38.025383000135392 ], [ -87.581658000084133, 38.025524000214219 ], [ -87.581668000129866, 38.024074999975717 ], [ -87.583926999863067, 38.024001000306441 ], [ -87.583888000403306, 38.022089000307453 ], [ -87.584917999724922, 38.02208100011083 ], [ -87.585648000369204, 38.025747999816659 ], [ -87.587759999789299, 38.025740000019532 ], [ -87.588188000309799, 38.036690999827478 ] ] ] } },
{ "type": "Feature", "properties": { "AREALAND": 4225493, "AREAWATER": 67614, "BASENAME": "CENTER PRECINCT 07", "CENTLAT": "+38.0655527", "CENTLON": "-087.5686397", "COUNTY": "163", "FUNCSTAT": "N", "GEOID": "18163000080", "HU100": 414, "INTPTLAT": "+38.0711690", "INTPTLON": "-087.5722614", "LSADC": "00", "MTFCC": "G5240", "NAME": "CENTER PRECINCT 07", "OBJECTID": 111210, "OID": "2157010952343579", "POP100": 1069, "STATE": "18", "VTD": "000080", "VTDI": "A" }, "geometry": { "type": "Polygon", "coordinates": [ [ [ -87.576241999743985, 38.079626000164545 ], [ -87.561007000123396, 38.079517999915993 ], [ -87.561038999910451, 38.076007999763974 ], [ -87.560397000028047, 38.073822999931167 ], [ -87.561088000314257, 38.063766000170077 ], [ -87.560387999807219, 38.061011000236206 ], [ -87.563027000380302, 38.054076999960316 ], [ -87.562964999557721, 38.04972000006714 ], [ -87.562317999652421, 38.047518000252161 ], [ -87.562521000041997, 38.04584500029285 ], [ -87.565656000009326, 38.049269999816964 ], [ -87.569478000064919, 38.050621000304169 ], [ -87.571628999843071, 38.050732000116462 ], [ -87.572880999820853, 38.052332000341096 ], [ -87.574578000037576, 38.052601000337425 ], [ -87.574332999815184, 38.053191000275334 ], [ -87.575654000288253, 38.059707999725006 ], [ -87.577348000131906, 38.061580000214597 ], [ -87.577943999983574, 38.063631999987564 ], [ -87.57761300044578, 38.066046999802097 ], [ -87.57659099972345, 38.067492999831003 ], [ -87.577370999698118, 38.070535999954721 ], [ -87.575626999625769, 38.0742719999051 ], [ -87.575274000346653, 38.076441999831296 ], [ -87.575823000342652, 38.077316000060044 ], [ -87.579387999581982, 38.079687999790011 ], [ -87.576241999743985, 38.079626000164545 ] ] ] } },
{ "type": "Feature", "properties": { "AREALAND": 304203, "AREAWATER": 34225, "BASENAME": "WARD 01 PRECINCT 14", "CENTLAT": "+37.9516747", "CENTLON": "-087.4885831", "COUNTY": "163", "FUNCSTAT": "N", "GEOID": "18163000570", "HU100": 602, "INTPTLAT": "+37.9522100", "INTPTLON": "-087.4896111", "LSADC": "00", "MTFCC": "G5240", "NAME": "WARD 01 PRECINCT 14", "OBJECTID": 111318, "OID": "2157010952343627", "POP100": 1205, "STATE": "18", "VTD": "000570", "VTDI": "A" }, "geometry": { "type": "Polygon", "coordinates": [ [ [ -87.492894999736336, 37.952424999740849 ], [ -87.492847000055761, 37.955035999875143 ], [ -87.488205999667429, 37.954974999683685 ], [ -87.488240000002605, 37.953329999780202 ], [ -87.487441999586281, 37.953320999708637 ], [ -87.486771000289863, 37.952638999896443 ], [ -87.486269000149534, 37.95263399973112 ], [ -87.486284000218134, 37.951782000305556 ], [ -87.485763999636134, 37.951775999895474 ], [ -87.485597000129872, 37.950937000176047 ], [ -87.484618999788481, 37.950198999901993 ], [ -87.483375000206607, 37.94993600000042 ], [ -87.482565000094709, 37.949358000151385 ], [ -87.482053999733552, 37.949498000269877 ], [ -87.481582999555343, 37.949168000019263 ], [ -87.481586999753304, 37.948666999741953 ], [ -87.480701000371738, 37.948663000243492 ], [ -87.48070800004443, 37.947733999965635 ], [ -87.480819000372506, 37.948552999782869 ], [ -87.481723000195771, 37.948558000225958 ], [ -87.481719999822701, 37.948973999914251 ], [ -87.483279999772051, 37.948981000069367 ], [ -87.483275999574104, 37.949459000278871 ], [ -87.484940000178838, 37.949484000057552 ], [ -87.484965000293201, 37.947756000316176 ], [ -87.486035999622715, 37.947762999878947 ], [ -87.486013999881393, 37.948641999685265 ], [ -87.486427000333279, 37.948648999872006 ], [ -87.48658600034193, 37.947767999667406 ], [ -87.487446999609148, 37.947773999696501 ], [ -87.487434999913575, 37.948598000216563 ], [ -87.488382000292845, 37.948607999679545 ], [ -87.488357000178482, 37.950980999660629 ], [ -87.492928000246607, 37.951005000141159 ], [ -87.492894999736336, 37.952424999740849 ] ] ] } },
{ "type": "Feature", "properties": { "AREALAND": 470675, "AREAWATER": 0, "BASENAME": "WARD 04 PRECINCT 10", "CENTLAT": "+37.9419694", "CENTLON": "-087.5367600", "COUNTY": "163", "FUNCSTAT": "N", "GEOID": "18163000990", "HU100": 522, "INTPTLAT": "+37.9419694", "INTPTLON": "-087.5367600", "LSADC": "00", "MTFCC": "G5240", "NAME": "WARD 04 PRECINCT 10", "OBJECTID": 111319, "OID": "2157010952343632", "POP100": 986, "STATE": "18", "VTD": "000990", "VTDI": "A" }, "geometry": { "type": "Polygon", "coordinates": [ [ [ -87.539078000245638, 37.938164999655605 ], [ -87.538961000069762, 37.940821999883447 ], [ -87.538947999650972, 37.948732999935714 ], [ -87.534421999788691, 37.945688999763043 ], [ -87.534415999940904, 37.93711299993582 ], [ -87.534839000438524, 37.936088000214966 ], [ -87.539079999895449, 37.937524999841848 ], [ -87.539078000245638, 37.938164999655605 ] ] ] } },
{ "type": "Feature", "properties": { "AREALAND": 1227841, "AREAWATER": 13413, "BASENAME": "WARD 03 PRECINCT 08", "CENTLAT": "+37.9987641", "CENTLON": "-087.5427500", "COUNTY": "163", "FUNCSTAT": "N", "GEOID": "18163000810", "HU100": 359, "INTPTLAT": "+37.9968895", "INTPTLON": "-087.5440035", "LSADC": "00", "MTFCC": "G5240", "NAME": "WARD 03 PRECINCT 08", "OBJECTID": 115367, "OID": "2157010952343737", "POP100": 648, "STATE": "18", "VTD": "000810", "VTDI": "A" }, "geometry": { "type": "Polygon", "coordinates": [ [ [ -87.547409000445072, 37.993740000276937 ], [ -87.547073999811005, 38.006932000221383 ], [ -87.546621000074467, 38.007338999902053 ], [ -87.545637999710195, 38.006634999659816 ], [ -87.542131000197202, 38.005958999865939 ], [ -87.541090999931498, 38.004480999822349 ], [ -87.540141000077526, 38.00395200021363 ], [ -87.538326999684955, 38.004177000102864 ], [ -87.537703000244193, 38.001962999677517 ], [ -87.537574000372771, 37.999958999668763 ], [ -87.537960000162158, 37.993786000243986 ], [ -87.538776000121828, 37.991848000185279 ], [ -87.547411000094883, 37.99207400003484 ], [ -87.547409000445072, 37.993740000276937 ] ] ] } },
{ "type": "Feature", "properties": { "AREALAND": 796988, "AREAWATER": 0, "BASENAME": "WARD 03 PRECINCT 06", "CENTLAT": "+37.9743369", "CENTLON": "-087.5185217", "COUNTY": "163", "FUNCSTAT": "N", "GEOID": "18163000790", "HU100": 711, "INTPTLAT": "+37.9743369", "INTPTLON": "-087.5185217", "LSADC": "00", "MTFCC": "G5240", "NAME": "WARD 03 PRECINCT 06", "OBJECTID": 115368, "OID": "2157010952343772", "POP100": 1447, "STATE": "18", "VTD": "000790", "VTDI": "A" }, "geometry": { "type": "Polygon", "coordinates": [ [ [ -87.529361000174106, 37.974751000352974 ], [ -87.529327999663835, 37.976837999981768 ], [ -87.510892999778576, 37.976887000166329 ], [ -87.511015999802225, 37.969759000069971 ], [ -87.516221000255157, 37.969801999669123 ], [ -87.516222000080077, 37.973435999753455 ], [ -87.529373999694585, 37.973544999882172 ], [ -87.529361000174106, 37.974751000352974 ] ] ] } },
{ "type": "Feature", "properties": { "AREALAND": 76351170, "AREAWATER": 103143, "BASENAME": "ARMSTRONG PRECINCT 01", "CENTLAT": "+38.1256751", "CENTLON": "-087.6472018", "COUNTY": "163", "FUNCSTAT": "N", "GEOID": "18163000010", "HU100": 657, "INTPTLAT": "+38.1345706", "INTPTLON": "-087.6467574", "LSADC": "00", "MTFCC": "G5240", "NAME": "ARMSTRONG PRECINCT 01", "OBJECTID": 115426, "OID": "2157010952343565", "POP100": 1563, "STATE": "18", "VTD": "000010", "VTDI": "A" }, "geometry": { "type": "Polygon", "coordinates": [ [ [ -87.697367000441659, 38.080323000066841 ], [ -87.696774999889655, 38.124843000087751 ], [ -87.688918000241458, 38.124710000131522 ], [ -87.68837400026834, 38.168419000210065 ], [ -87.59668199981752, 38.167454999678377 ], [ -87.597260999950748, 38.124505999966942 ], [ -87.597075000177909, 38.12083499988514 ], [ -87.59775399987025, 38.094379999994068 ], [ -87.634642999907328, 38.094811000231203 ], [ -87.634626000188888, 38.080407999824594 ], [ -87.697367000441659, 38.080323000066841 ] ] ] } },
{ "type": "Feature", "properties": { "AREALAND": 13500997, "AREAWATER": 70183, "BASENAME": "WARD 05 PRECINCT 02", "CENTLAT": "+38.0267850", "CENTLON": "-087.5290070", "COUNTY": "163", "FUNCSTAT": "N", "GEOID": "18163001080", "HU100": 740, "INTPTLAT": "+38.0261487", "INTPTLON": "-087.5310092", "LSADC": "00", "MTFCC": "G5240", "NAME": "WARD 05 PRECINCT 02", "OBJECTID": 115427, "OID": "2157010952343566", "POP100": 2131, "STATE": "18", "VTD": "001080", "VTDI": "A" }, "geometry": { "type": "Polygon", "coordinates": [ [ [ -87.550557999757785, 38.010111999784677 ], [ -87.549841000430618, 38.010972000311064 ], [ -87.54940500041252, 38.012491999725697 ], [ -87.550059999815389, 38.013941999737241 ], [ -87.546863999748709, 38.01572499997112 ], [ -87.546466000263777, 38.027407000165489 ], [ -87.546908999954539, 38.029637000044509 ], [ -87.542065000074956, 38.036558999785939 ], [ -87.541613000163338, 38.039031999947312 ], [ -87.542405999658499, 38.040093999966494 ], [ -87.541199999711452, 38.04090899985961 ], [ -87.540863000325885, 38.03997499993244 ], [ -87.539659000028678, 38.040407000000855 ], [ -87.540085000001028, 38.041334999915527 ], [ -87.538478000196008, 38.041942000063194 ], [ -87.538434999639975, 38.044259999937303 ], [ -87.537102000369671, 38.044221999707581 ], [ -87.536975000148061, 38.049279000146178 ], [ -87.538651000448368, 38.050010000318906 ], [ -87.53987199956569, 38.050175000266485 ], [ -87.5365140000156, 38.050200999949894 ], [ -87.536469999634676, 38.051578000134143 ], [ -87.536929999942217, 38.051578000134143 ], [ -87.536897000330256, 38.053783000123303 ], [ -87.531542999914379, 38.05370199998233 ], [ -87.53154899976218, 38.052978000033427 ], [ -87.530957999933378, 38.052947000225515 ], [ -87.530982000222849, 38.051803000231168 ], [ -87.529684000214289, 38.051756999887182 ], [ -87.530096999767849, 38.050545000061582 ], [ -87.531199999782729, 38.050568000264342 ], [ -87.531224000072172, 38.050053999822516 ], [ -87.520582000261001, 38.049918999734238 ], [ -87.520605999652133, 38.05065100013622 ], [ -87.51944699956077, 38.050746000112738 ], [ -87.519433000215386, 38.051278000107899 ], [ -87.518852000432346, 38.05126799977932 ], [ -87.51963499988176, 38.053198999903742 ], [ -87.51809099982593, 38.053197000173547 ], [ -87.518084000153223, 38.053554000305482 ], [ -87.518485999836116, 38.053557999746239 ], [ -87.518485999836116, 38.054133999698202 ], [ -87.520248000350165, 38.05414300013674 ], [ -87.519849999966908, 38.053467000035546 ], [ -87.521228000341395, 38.054920000343557 ], [ -87.514859999599125, 38.054830999889724 ], [ -87.513361999574045, 38.057093999922081 ], [ -87.507065999700117, 38.056998999696525 ], [ -87.507084999966679, 38.056066000079291 ], [ -87.504853999822615, 38.056047999674064 ], [ -87.504940999861233, 38.049643000036596 ], [ -87.509556000310297, 38.049811999749409 ], [ -87.509578999876524, 38.049399999748921 ], [ -87.512584999972404, 38.049277000308891 ], [ -87.512625000155381, 38.046209000279127 ], [ -87.513468999704173, 38.046224000039572 ], [ -87.51353800019946, 38.04253700000401 ], [ -87.514238999633108, 38.042543000067958 ], [ -87.514509999794754, 38.03677999969436 ], [ -87.516786000144691, 38.036719000234477 ], [ -87.516816000281906, 38.035302999689023 ], [ -87.526775000202775, 38.035436000333057 ], [ -87.528151000029112, 38.034152999890665 ], [ -87.528440999559024, 38.034269999939703 ], [ -87.532630000035738, 38.027976000241203 ], [ -87.519357999872327, 38.027928000074702 ], [ -87.519475999873094, 38.022478999809643 ], [ -87.514929000094412, 38.0224330001505 ], [ -87.515045000445369, 38.015109000262783 ], [ -87.51047799967688, 38.014681999807408 ], [ -87.510641999708412, 38.013571999731539 ], [ -87.516151999759884, 38.006152000016627 ], [ -87.519413000123905, 38.002827999812254 ], [ -87.520466999734964, 38.00099800029723 ], [ -87.524924999825174, 37.996108000067117 ], [ -87.527211000220873, 37.99722700015429 ], [ -87.527457000268171, 37.998407999968904 ], [ -87.52713500005288, 38.000234999704496 ], [ -87.529942999782065, 38.003590000135247 ], [ -87.531703999572869, 38.004966999657036 ], [ -87.534267999802893, 38.005980999758435 ], [ -87.535635000306726, 38.006098999648138 ], [ -87.536369000250644, 38.005916000217972 ], [ -87.538417999921549, 38.004132999936594 ], [ -87.540141000077526, 38.00395200021363 ], [ -87.541090999931498, 38.004480999822349 ], [ -87.542131000197202, 38.005958999865939 ], [ -87.546041999941238, 38.006814000256718 ], [ -87.547672000210795, 38.008752999925541 ], [ -87.55096600018679, 38.009666000067057 ], [ -87.550557999757785, 38.010111999784677 ] ] ] } },
{ "type": "Feature", "properties": { "AREALAND": 1188476, "AREAWATER": 0, "BASENAME": "CENTER PRECINCT 02", "CENTLAT": "+38.0312084", "CENTLON": "-087.5935865", "COUNTY": "163", "FUNCSTAT": "N", "GEOID": "18163000030", "HU100": 907, "INTPTLAT": "+38.0312084", "INTPTLON": "-087.5935865", "LSADC": "00", "MTFCC": "G5240", "NAME": "CENTER PRECINCT 02", "OBJECTID": 115428, "OID": "2157010952343570", "POP100": 2054, "STATE": "18", "VTD": "000030", "VTDI": "A" }, "geometry": { "type": "Polygon", "coordinates": [ [ [ -87.599345999606669, 38.026069000065363 ], [ -87.598970999687936, 38.036816000070907 ], [ -87.588266999952495, 38.03668799990956 ], [ -87.587759999789299, 38.025740000019532 ], [ -87.599357000375633, 38.025863000076264 ], [ -87.599345999606669, 38.026069000065363 ] ] ] } },
{ "type": "Feature", "properties": { "AREALAND": 3005888, "AREAWATER": 23507, "BASENAME": "WARD 05 PRECINCT 11", "CENTLAT": "+38.0319184", "CENTLON": "-087.5579641", "COUNTY": "163", "FUNCSTAT": "N", "GEOID": "18163001150", "HU100": 515, "INTPTLAT": "+38.0296150", "INTPTLON": "-087.5588527", "LSADC": "00", "MTFCC": "G5240", "NAME": "WARD 05 PRECINCT 11", "OBJECTID": 115506, "OID": "2157010952343584", "POP100": 1148, "STATE": "18", "VTD": "001150", "VTDI": "A" }, "geometry": { "type": "Polygon", "coordinates": [ [ [ -87.57180000044562, 38.041165000060822 ], [ -87.571826000384874, 38.039852999916739 ], [ -87.569001000038952, 38.039781999703834 ], [ -87.569015000282661, 38.037562999999274 ], [ -87.569708000218696, 38.037838000233506 ], [ -87.57047399994967, 38.03720599971389 ], [ -87.568560999822893, 38.036170999722998 ], [ -87.564209000037891, 38.035717999729279 ], [ -87.564136000242954, 38.034810000302031 ], [ -87.562102999567259, 38.033722999985727 ], [ -87.559582999718174, 38.033827999874603 ], [ -87.555396999614516, 38.037572000352611 ], [ -87.547073999811005, 38.037694999646263 ], [ -87.544415999869656, 38.038725999781775 ], [ -87.542405999658499, 38.040093999966494 ], [ -87.541731000164106, 38.039388999821504 ], [ -87.541634000079739, 38.038564999761668 ], [ -87.542065000074956, 38.036558999785939 ], [ -87.546908999954539, 38.029637000044509 ], [ -87.546466000263777, 38.027407000165489 ], [ -87.546616999876491, 38.024576999966442 ], [ -87.554779999846446, 38.024681000326659 ], [ -87.556360999712197, 38.025491000325459 ], [ -87.562338999568809, 38.025561000350585 ], [ -87.562352999812518, 38.024959999686097 ], [ -87.563466999698036, 38.025043000279659 ], [ -87.566650000244252, 38.022923000265344 ], [ -87.5663780002577, 38.023599999928777 ], [ -87.56566900042813, 38.023963000179513 ], [ -87.565529999612636, 38.026478999968965 ], [ -87.564717999850913, 38.027253999663571 ], [ -87.56420400001501, 38.028868999697295 ], [ -87.564142999915646, 38.031089000104508 ], [ -87.565076999876112, 38.030985000349517 ], [ -87.565179999808279, 38.029157999903013 ], [ -87.565579000016442, 38.028863999771872 ], [ -87.573772000123626, 38.029078999795985 ], [ -87.573511999832633, 38.038778000196025 ], [ -87.574012000323123, 38.041224999680061 ], [ -87.57180000044562, 38.041165000060822 ] ] ] } },
{ "type": "Feature", "properties": { "AREALAND": 8739503, "AREAWATER": 196469, "BASENAME": "GERMAN PRECINCT 02", "CENTLAT": "+38.0450607", "CENTLON": "-087.6199087", "COUNTY": "163", "FUNCSTAT": "N", "GEOID": "18163000180", "HU100": 401, "INTPTLAT": "+38.0433385", "INTPTLON": "-087.6186454", "LSADC": "00", "MTFCC": "G5240", "NAME": "GERMAN PRECINCT 02", "OBJECTID": 115507, "OID": "2157010952343588", "POP100": 935, "STATE": "18", "VTD": "000180", "VTDI": "A" }, "geometry": { "type": "Polygon", "coordinates": [ [ [ -87.642006999636024, 38.056357000121807 ], [ -87.639152000051183, 38.058688999699839 ], [ -87.63827499999212, 38.060987999778625 ], [ -87.634712000402601, 38.059996999887609 ], [ -87.625263000119702, 38.059839999764669 ], [ -87.624338000380078, 38.059359000273545 ], [ -87.622896000431481, 38.057554999801553 ], [ -87.618983000139295, 38.055748000284922 ], [ -87.612416000103721, 38.058079000018566 ], [ -87.611161999577803, 38.057966999877053 ], [ -87.6107880003823, 38.057398000098118 ], [ -87.610431000006912, 38.054509999785715 ], [ -87.60888399957804, 38.053156999899727 ], [ -87.607503999553742, 38.05125099985424 ], [ -87.604664000037502, 38.048914000290765 ], [ -87.598711000295253, 38.046173999882939 ], [ -87.599357000375633, 38.025905000169139 ], [ -87.603669999802591, 38.026037000304278 ], [ -87.604053000117219, 38.026863000231508 ], [ -87.605094000207814, 38.027542999871677 ], [ -87.606463000361458, 38.030524999961656 ], [ -87.607313999582956, 38.031201000328728 ], [ -87.614655999570317, 38.033830999909611 ], [ -87.616144000447974, 38.035123000278794 ], [ -87.622306000427599, 38.035254000321885 ], [ -87.623767999569353, 38.037066999649376 ], [ -87.634749000212537, 38.037012999970514 ], [ -87.637279999932275, 38.03644900015923 ], [ -87.638184999580432, 38.036582000137244 ], [ -87.641117000056497, 38.03539600026054 ], [ -87.641963999978316, 38.038846999845177 ], [ -87.639814000025083, 38.041457000292127 ], [ -87.638524000412446, 38.044062999723913 ], [ -87.638069999952705, 38.047772000105873 ], [ -87.641533999808004, 38.054534999850979 ], [ -87.642006999636024, 38.056357000121807 ] ] ] } },
{ "type": "Feature", "properties": { "AREALAND": 1205996, "AREAWATER": 0, "BASENAME": "WARD 02 PRECINCT 01", "CENTLAT": "+37.9440691", "CENTLON": "-087.5016562", "COUNTY": "163", "FUNCSTAT": "N", "GEOID": "18163000620", "HU100": 916, "INTPTLAT": "+37.9440691", "INTPTLON": "-087.5016562", "LSADC": "00", "MTFCC": "G5240", "NAME": "WARD 02 PRECINCT 01", "OBJECTID": 115592, "OID": "2157010952343608", "POP100": 1675, "STATE": "18", "VTD": "000620", "VTDI": "A" }, "geometry": { "type": "Polygon", "coordinates": [ [ [ -87.511441999774576, 37.941715000113533 ], [ -87.511379999850291, 37.945174000232079 ], [ -87.508531999938157, 37.945151999816844 ], [ -87.50850900037193, 37.946100999764241 ], [ -87.507366999999007, 37.946094000043153 ], [ -87.50731000009759, 37.947950000095389 ], [ -87.492946999614873, 37.94781200034155 ], [ -87.492958000383851, 37.941491000297155 ], [ -87.494225000430248, 37.94066599979454 ], [ -87.511230000062469, 37.940642999817001 ], [ -87.511441999774576, 37.941715000113533 ] ] ] } },
{ "type": "Feature", "properties": { "AREALAND": 769726, "AREAWATER": 9990, "BASENAME": "WARD 01 PRECINCT 08", "CENTLAT": "+37.9730678", "CENTLON": "-087.4796673", "COUNTY": "163", "FUNCSTAT": "N", "GEOID": "18163000530", "HU100": 613, "INTPTLAT": "+37.9725009", "INTPTLON": "-087.4796497", "LSADC": "00", "MTFCC": "G5240", "NAME": "WARD 01 PRECINCT 08", "OBJECTID": 115593, "OID": "2157010952343618", "POP100": 1322, "STATE": "18", "VTD": "000530", "VTDI": "A" }, "geometry": { "type": "Polygon", "coordinates": [ [ [ -87.485181000203269, 37.975739999651452 ], [ -87.485162999761613, 37.976764000074567 ], [ -87.474053000145304, 37.97667299985676 ], [ -87.474293000344815, 37.969354999904922 ], [ -87.483017000006328, 37.969423999760977 ], [ -87.483577999697886, 37.969183000309819 ], [ -87.485078000271116, 37.969450999717807 ], [ -87.485181000203269, 37.975739999651452 ] ] ] } },
{ "type": "Feature", "properties": { "AREALAND": 788622, "AREAWATER": 15360, "BASENAME": "WARD 01 PRECINCT 13", "CENTLAT": "+37.9644056", "CENTLON": "-087.4541571", "COUNTY": "163", "FUNCSTAT": "N", "GEOID": "18163000560", "HU100": 469, "INTPTLAT": "+37.9646429", "INTPTLON": "-087.4540098", "LSADC": "00", "MTFCC": "G5240", "NAME": "WARD 01 PRECINCT 13", "OBJECTID": 115594, "OID": "2157010952343628", "POP100": 1101, "STATE": "18", "VTD": "000560", "VTDI": "A" }, "geometry": { "type": "Polygon", "coordinates": [ [ [ -87.450628999717196, 37.957529000074096 ], [ -87.452643000126301, 37.958469000070899 ], [ -87.457851000053978, 37.959226000330787 ], [ -87.457646999839469, 37.960175999869406 ], [ -87.456727999947631, 37.961507000163323 ], [ -87.456717000076964, 37.962979999697943 ], [ -87.457362000332438, 37.962983999833412 ], [ -87.457091999995683, 37.965896000251099 ], [ -87.459677999967028, 37.966303000294289 ], [ -87.459641999982011, 37.969428000253529 ], [ -87.450203999569737, 37.969471000046603 ], [ -87.450628999717196, 37.957529000074096 ] ] ] } },
{ "type": "Feature", "properties": { "AREALAND": 708708, "AREAWATER": 0, "BASENAME": "WARD 02 PRECINCT 13", "CENTLAT": "+37.9726063", "CENTLON": "-087.5319789", "COUNTY": "163", "FUNCSTAT": "N", "GEOID": "18163000720", "HU100": 382, "INTPTLAT": "+37.9726063", "INTPTLON": "-087.5319789", "LSADC": "00", "MTFCC": "G5240", "NAME": "WARD 02 PRECINCT 13", "OBJECTID": 115595, "OID": "2157010952343638", "POP100": 1520, "STATE": "18", "VTD": "000720", "VTDI": "A" }, "geometry": { "type": "Polygon", "coordinates": [ [ [ -87.538385000309589, 37.973503000241585 ], [ -87.537438999755238, 37.973498000080419 ], [ -87.537437000105413, 37.974474000153968 ], [ -87.533988000318729, 37.97446900005901 ], [ -87.533871000142867, 37.97699399973304 ], [ -87.529329000387051, 37.97698799996661 ], [ -87.529373999694585, 37.973544999882172 ], [ -87.524739999877269, 37.973504000132124 ], [ -87.524400999943552, 37.972729000134251 ], [ -87.52441000016438, 37.969877000161418 ], [ -87.539330000140708, 37.969983000093912 ], [ -87.539336999813386, 37.973502000350955 ], [ -87.538385000309589, 37.973503000241585 ] ] ] } },
{ "type": "Feature", "properties": { "AREALAND": 37770039, "AREAWATER": 421350, "BASENAME": "SCOTT PRECINCT 02", "CENTLAT": "+38.1309963", "CENTLON": "-087.4948810", "COUNTY": "163", "FUNCSTAT": "N", "GEOID": "18163000420", "HU100": 616, "INTPTLAT": "+38.1354951", "INTPTLON": "-087.4902941", "LSADC": "00", "MTFCC": "G5240", "NAME": "SCOTT PRECINCT 02", "OBJECTID": 115665, "OID": "2157010952343624", "POP100": 1659, "STATE": "18", "VTD": "000420", "VTDI": "A" }, "geometry": { "type": "Polygon", "coordinates": [ [ [ -87.472662000250338, 38.078165999859237 ], [ -87.491058999602458, 38.078408000216527 ], [ -87.490471999971632, 38.096344999864399 ], [ -87.499537999939875, 38.096447999741521 ], [ -87.499623000328697, 38.097984999887466 ], [ -87.500979999888472, 38.097912999910562 ], [ -87.501112000132949, 38.098869999699879 ], [ -87.500323999762358, 38.100014999888415 ], [ -87.507926999865646, 38.100058999716758 ], [ -87.5086630003577, 38.100325000106828 ], [ -87.508747999848211, 38.10698199972051 ], [ -87.509332000004306, 38.107316000285493 ], [ -87.512749999828841, 38.107400999758035 ], [ -87.513019000340677, 38.112773000150661 ], [ -87.512816999775993, 38.122278999784953 ], [ -87.528715000093726, 38.122537000014603 ], [ -87.52724700020589, 38.124594999724309 ], [ -87.526104000008047, 38.130608000298679 ], [ -87.529915000192972, 38.164666999811139 ], [ -87.530742000023309, 38.166671000085273 ], [ -87.527064999732673, 38.166353999864818 ], [ -87.499599000039254, 38.165739999946247 ], [ -87.467284000443371, 38.165403000114097 ], [ -87.468117000121495, 38.125518999775345 ], [ -87.467912999907, 38.12172899982405 ], [ -87.472093000162872, 38.121740999682423 ], [ -87.472662000250338, 38.078165999859237 ] ] ] } },
{ "type": "Feature", "properties": { "AREALAND": 1608917, "AREAWATER": 50722, "BASENAME": "WARD 06 PRECINCT 05", "CENTLAT": "+37.9963121", "CENTLON": "-087.5638317", "COUNTY": "163", "FUNCSTAT": "N", "GEOID": "18163001260", "HU100": 830, "INTPTLAT": "+37.9962150", "INTPTLON": "-087.5635250", "LSADC": "00", "MTFCC": "G5240", "NAME": "WARD 06 PRECINCT 05", "OBJECTID": 119905, "OID": "2157010952343636", "POP100": 1585, "STATE": "18", "VTD": "001260", "VTDI": "A" }, "geometry": { "type": "Polygon", "coordinates": [ [ [ -87.574720000327787, 37.992247999770434 ], [ -87.574629000091178, 37.995383999967487 ], [ -87.573223999952532, 37.994000999815263 ], [ -87.572553999582709, 37.993916000241178 ], [ -87.568585000112336, 37.994604999707107 ], [ -87.566574000076287, 37.996251999989745 ], [ -87.566256000058956, 38.000041000023799 ], [ -87.567083999714214, 38.002535999921548 ], [ -87.566372000409913, 38.003356999743666 ], [ -87.564556000367517, 38.004003999827844 ], [ -87.564380999567035, 38.006234999969266 ], [ -87.563408000146808, 38.007347999721631 ], [ -87.560529000272524, 38.006991000132523 ], [ -87.560777999794539, 37.999596000163905 ], [ -87.553804000053191, 37.999489000284832 ], [ -87.556606999759509, 37.993176000120918 ], [ -87.556620000178299, 37.992237999878178 ], [ -87.559843999834087, 37.992060999789835 ], [ -87.560895999795335, 37.9921269999207 ], [ -87.560976999986181, 37.99244000026907 ], [ -87.560993999704607, 37.991196000094391 ], [ -87.565587000412364, 37.991202000115159 ], [ -87.565656000009326, 37.988381000312152 ], [ -87.570934000257211, 37.988465999927861 ], [ -87.570879000005633, 37.990304000047161 ], [ -87.573620999612572, 37.990368000313346 ], [ -87.573604999719038, 37.991276999979007 ], [ -87.574747000091975, 37.991303000036631 ], [ -87.574720000327787, 37.992247999770434 ] ] ] } },
{ "type": "Feature", "properties": { "AREALAND": 3289307, "AREAWATER": 189871, "BASENAME": "PIGEON PRECINCT 03", "CENTLAT": "+37.9392252", "CENTLON": "-087.5587656", "COUNTY": "163", "FUNCSTAT": "N", "GEOID": "18163000400", "HU100": 0, "INTPTLAT": "+37.9386790", "INTPTLON": "-087.5586524", "LSADC": "00", "MTFCC": "G5240", "NAME": "PIGEON PRECINCT 03", "OBJECTID": 119906, "OID": "2157010952343666", "POP100": 0, "STATE": "18", "VTD": "000400", "VTDI": "A" }, "geometry": { "type": "Polygon", "coordinates": [ [ [ -87.573209999708837, 37.95022700005152 ], [ -87.572185000410073, 37.950203000025205 ], [ -87.572216000372222, 37.950819000107963 ], [ -87.566471000144119, 37.95100600033809 ], [ -87.556030999999322, 37.946712999923861 ], [ -87.548859999716143, 37.940897000217063 ], [ -87.548243999773007, 37.940844000178174 ], [ -87.548498000216227, 37.92388000022472 ], [ -87.556045000243031, 37.928167999771844 ], [ -87.560895999795335, 37.932113000290407 ], [ -87.564664000322551, 37.93583400019908 ], [ -87.569083999879624, 37.941560000120411 ], [ -87.572792000132409, 37.94847699994795 ], [ -87.573209999708837, 37.95022700005152 ] ] ] } },
{ "type": "Feature", "properties": { "AREALAND": 1010553, "AREAWATER": 0, "BASENAME": "WARD 01 PRECINCT 01", "CENTLAT": "+37.9651979", "CENTLON": "-087.4839549", "COUNTY": "163", "FUNCSTAT": "N", "GEOID": "18163000480", "HU100": 588, "INTPTLAT": "+37.9651979", "INTPTLON": "-087.4839549", "LSADC": "00", "MTFCC": "G5240", "NAME": "WARD 01 PRECINCT 01", "OBJECTID": 119907, "OID": "2157010952343786", "POP100": 1003, "STATE": "18", "VTD": "000480", "VTDI": "A" }, "geometry": { "type": "Polygon", "coordinates": [ [ [ -87.492676000351523, 37.967964000162837 ], [ -87.486897999613163, 37.967908999886994 ], [ -87.486691999748828, 37.969471999992066 ], [ -87.483832000141106, 37.969269000157709 ], [ -87.47430800041343, 37.965621999918831 ], [ -87.474382000033273, 37.962126999831376 ], [ -87.492688000047096, 37.962388999954591 ], [ -87.492676000351523, 37.967964000162837 ] ] ] } },
{ "type": "Feature", "properties": { "AREALAND": 1475167, "AREAWATER": 0, "BASENAME": "CENTER PRECINCT 10", "CENTLAT": "+38.0407805", "CENTLON": "-087.5560886", "COUNTY": "163", "FUNCSTAT": "N", "GEOID": "18163000110", "HU100": 639, "INTPTLAT": "+38.0407805", "INTPTLON": "-087.5560886", "LSADC": "00", "MTFCC": "G5240", "NAME": "CENTER PRECINCT 10", "OBJECTID": 121956, "OID": "2157010952343578", "POP100": 1522, "STATE": "18", "VTD": "000110", "VTDI": "A" }, "geometry": { "type": "Polygon", "coordinates": [ [ [ -87.564311999970045, 38.035387000347349 ], [ -87.563630999729568, 38.0368230003386 ], [ -87.562381000299922, 38.038093999850211 ], [ -87.562045999665855, 38.039172999933157 ], [ -87.562731999929213, 38.044062999723913 ], [ -87.562317999652421, 38.047518000252161 ], [ -87.563050999771434, 38.050631000013787 ], [ -87.562336999918998, 38.050615999741467 ], [ -87.559425000432739, 38.047048999816276 ], [ -87.559299999860954, 38.04653599973625 ], [ -87.555449000391363, 38.046272999848661 ], [ -87.554269000383599, 38.045666999846759 ], [ -87.554139999613867, 38.044029999697386 ], [ -87.553824999969592, 38.043506999713721 ], [ -87.552332999792299, 38.043567000243726 ], [ -87.55140800005266, 38.04265899979287 ], [ -87.550643999971498, 38.042879000035036 ], [ -87.549796000224759, 38.042055000334692 ], [ -87.548379000390554, 38.042152999840425 ], [ -87.545620999991755, 38.041274000004726 ], [ -87.543065000157654, 38.040877999893326 ], [ -87.542405999658499, 38.040093999966494 ], [ -87.544415999869656, 38.038725999781775 ], [ -87.547073999811005, 38.037694999646263 ], [ -87.555456999888975, 38.037555999802315 ], [ -87.558269999641013, 38.034772999884062 ], [ -87.559897000435853, 38.033719999946236 ], [ -87.562223999941097, 38.033747000297026 ], [ -87.564089000387284, 38.034767999654072 ], [ -87.564311999970045, 38.035387000347349 ] ] ] } },
{ "type": "Feature", "properties": { "AREALAND": 1111050, "AREAWATER": 0, "BASENAME": "WARD 04 PRECINCT 15", "CENTLAT": "+37.9517381", "CENTLON": "-087.5454474", "COUNTY": "163", "FUNCSTAT": "N", "GEOID": "18163001040", "HU100": 607, "INTPTLAT": "+37.9517381", "INTPTLON": "-087.5454474", "LSADC": "00", "MTFCC": "G5240", "NAME": "WARD 04 PRECINCT 15", "OBJECTID": 121957, "OID": "2157010952343598", "POP100": 1320, "STATE": "18", "VTD": "001040", "VTDI": "A" }, "geometry": { "type": "Polygon", "coordinates": [ [ [ -87.548239999575046, 37.941491000297155 ], [ -87.547774000318043, 37.962801999824038 ], [ -87.543029000172652, 37.962776000291726 ], [ -87.542997000385597, 37.958111999880316 ], [ -87.54195000044723, 37.953446999901203 ], [ -87.543168999914727, 37.949004999786489 ], [ -87.543441999726213, 37.941515000335436 ], [ -87.544184999890959, 37.939787000215958 ], [ -87.546435000301614, 37.940836000329362 ], [ -87.548243999773007, 37.940844000178174 ], [ -87.548239999575046, 37.941491000297155 ] ] ] } },
{ "type": "Feature", "properties": { "AREALAND": 6779048, "AREAWATER": 82087, "BASENAME": "CENTER PRECINCT 05", "CENTLAT": "+38.0674156", "CENTLON": "-087.5369016", "COUNTY": "163", "FUNCSTAT": "N", "GEOID": "18163000060", "HU100": 841, "INTPTLAT": "+38.0698185", "INTPTLON": "-087.5428904", "LSADC": "00", "MTFCC": "G5240", "NAME": "CENTER PRECINCT 05", "OBJECTID": 122862, "OID": "2157010952343568", "POP100": 2209, "STATE": "18", "VTD": "000060", "VTDI": "A" }, "geometry": { "type": "MultiPolygon", "coordinates": [ [ [ [ -87.554570999609084, 38.079456000146394 ], [ -87.542743999767282, 38.079125999690106 ], [ -87.516402999830049, 38.078762999943073 ], [ -87.518614999707566, 38.07376999972243 ], [ -87.519813000156987, 38.071820999931433 ], [ -87.525657999944201, 38.067446000130765 ], [ -87.525694999754123, 38.066030999817009 ], [ -87.524868999748691, 38.063824000215241 ], [ -87.525555999836968, 38.062761999980189 ], [ -87.527554000352524, 38.06085599968786 ], [ -87.528366000114261, 38.058499999876076 ], [ -87.527580000291806, 38.056843999845562 ], [ -87.527694000094627, 38.055035000070362 ], [ -87.529684000214289, 38.051756999887182 ], [ -87.530982000222849, 38.051803000231168 ], [ -87.530957999933378, 38.052947000225515 ], [ -87.53154899976218, 38.052978000033427 ], [ -87.531542999914379, 38.05370199998233 ], [ -87.536897000330256, 38.053783000123303 ], [ -87.536929999942217, 38.051578000134143 ], [ -87.536469999634676, 38.051578000134143 ], [ -87.5365140000156, 38.050200999949894 ], [ -87.544338000051837, 38.050186000296925 ], [ -87.554570999609084, 38.079456000146394 ] ] ], [ [ [ -87.531003000139236, 38.050560000348405 ], [ -87.530096999767849, 38.050545000061582 ], [ -87.53017700013379, 38.050029000348985 ], [ -87.531224000072172, 38.050053999822516 ], [ -87.531003000139236, 38.050560000348405 ] ] ] ] } },
{ "type": "Feature", "properties": { "AREALAND": 787758, "AREAWATER": 0, "BASENAME": "WARD 04 PRECINCT 14", "CENTLAT": "+37.9503283", "CENTLON": "-087.5337354", "COUNTY": "163", "FUNCSTAT": "N", "GEOID": "18163001030", "HU100": 583, "INTPTLAT": "+37.9503283", "INTPTLON": "-087.5337354", "LSADC": "00", "MTFCC": "G5240", "NAME": "WARD 04 PRECINCT 14", "OBJECTID": 122879, "OID": "2157010952343787", "POP100": 1315, "STATE": "18", "VTD": "001030", "VTDI": "A" }, "geometry": { "type": "Polygon", "coordinates": [ [ [ -87.538906999643075, 37.950469000292102 ], [ -87.538824999627309, 37.953638999913956 ], [ -87.535709999751475, 37.953615000293972 ], [ -87.535660000421075, 37.955510999946306 ], [ -87.529752999811265, 37.955303999918641 ], [ -87.529869999987142, 37.944468000107165 ], [ -87.532449000285766, 37.944501000326376 ], [ -87.533182000404778, 37.944856000222693 ], [ -87.538947999650972, 37.948732999935714 ], [ -87.538906999643075, 37.950469000292102 ] ] ] } },
{ "type": "Feature", "properties": { "AREALAND": 250725, "AREAWATER": 0, "BASENAME": "WARD 04 PRECINCT 07", "CENTLAT": "+37.9716067", "CENTLON": "-087.5431116", "COUNTY": "163", "FUNCSTAT": "N", "GEOID": "18163000960", "HU100": 166, "INTPTLAT": "+37.9716067", "INTPTLON": "-087.5431116", "LSADC": "00", "MTFCC": "G5240", "NAME": "WARD 04 PRECINCT 07", "OBJECTID": 122880, "OID": "2157010952343788", "POP100": 341, "STATE": "18", "VTD": "000960", "VTDI": "A" }, "geometry": { "type": "Polygon", "coordinates": [ [ [ -87.547320999683208, 37.972255000156345 ], [ -87.54485199988774, 37.972241999940529 ], [ -87.544861000108554, 37.973537000053653 ], [ -87.539336999813386, 37.973502000350955 ], [ -87.539330000140708, 37.969983000093912 ], [ -87.547657999967086, 37.970030000021652 ], [ -87.547683000081449, 37.972256000063958 ], [ -87.547320999683208, 37.972255000156345 ] ] ] } },
{ "type": "Feature", "properties": { "AREALAND": 2831056, "AREAWATER": 14753, "BASENAME": "WARD 03 PRECINCT 16", "CENTLAT": "+37.9759896", "CENTLON": "-087.4975551", "COUNTY": "163", "FUNCSTAT": "N", "GEOID": "18163000880", "HU100": 963, "INTPTLAT": "+37.9754980", "INTPTLON": "-087.4960344", "LSADC": "00", "MTFCC": "G5240", "NAME": "WARD 03 PRECINCT 16", "OBJECTID": 133398, "OID": "2157010952343605", "POP100": 1846, "STATE": "18", "VTD": "000880", "VTDI": "A" }, "geometry": { "type": "Polygon", "coordinates": [ [ [ -87.510987000388226, 37.971596000043682 ], [ -87.510892999778576, 37.976887000166329 ], [ -87.502415999989267, 37.976750000102868 ], [ -87.502385000027147, 37.977645999988852 ], [ -87.501675000372657, 37.97886500010015 ], [ -87.501784000152597, 37.988939999993811 ], [ -87.495051000435666, 37.986644000123903 ], [ -87.492673999803387, 37.984761000158869 ], [ -87.492594000335771, 37.9767699998593 ], [ -87.485162999761613, 37.976764000074567 ], [ -87.485078000271116, 37.969450999717807 ], [ -87.486691999748828, 37.969471999992066 ], [ -87.486897999613163, 37.967908999886994 ], [ -87.492676000351523, 37.967964000162837 ], [ -87.492676000351523, 37.969525999860487 ], [ -87.511015999802225, 37.969759000069971 ], [ -87.510987000388226, 37.971596000043682 ] ] ] } },
{ "type": "Feature", "properties": { "AREALAND": 4113295, "AREAWATER": 65427, "BASENAME": "SCOTT PRECINCT 01", "CENTLAT": "+38.0878155", "CENTLON": "-087.5021012", "COUNTY": "163", "FUNCSTAT": "N", "GEOID": "18163000410", "HU100": 907, "INTPTLAT": "+38.0876015", "INTPTLON": "-087.5015104", "LSADC": "00", "MTFCC": "G5240", "NAME": "SCOTT PRECINCT 01", "OBJECTID": 133473, "OID": "2157010952343625", "POP100": 2312, "STATE": "18", "VTD": "000410", "VTDI": "A" }, "geometry": { "type": "Polygon", "coordinates": [ [ [ -87.51607300011716, 38.079618999747368 ], [ -87.512383000306045, 38.089997999944316 ], [ -87.509710000296081, 38.094922999812837 ], [ -87.508918999552435, 38.098295999836822 ], [ -87.507038000111038, 38.100063000149682 ], [ -87.500323999762358, 38.100014999888415 ], [ -87.501112000132949, 38.098869999699879 ], [ -87.500979999888472, 38.097912999910562 ], [ -87.499623000328697, 38.097984999887466 ], [ -87.499537999939875, 38.096447999741521 ], [ -87.490471999971632, 38.096344999864399 ], [ -87.491058999602458, 38.078408000216527 ], [ -87.516402999830049, 38.078762999943073 ], [ -87.51607300011716, 38.079618999747368 ] ] ] } },
{ "type": "Feature", "properties": { "AREALAND": 1827517, "AREAWATER": 45147, "BASENAME": "WARD 05 PRECINCT 08", "CENTLAT": "+38.0048699", "CENTLON": "-087.5672491", "COUNTY": "163", "FUNCSTAT": "N", "GEOID": "18163001130", "HU100": 667, "INTPTLAT": "+38.0061642", "INTPTLON": "-087.5684201", "LSADC": "00", "MTFCC": "G5240", "NAME": "WARD 05 PRECINCT 08", "OBJECTID": 138629, "OID": "2157010952343582", "POP100": 1343, "STATE": "18", "VTD": "001130", "VTDI": "A" }, "geometry": { "type": "Polygon", "coordinates": [ [ [ -87.574561000319122, 37.998007999996425 ], [ -87.574250999799403, 38.009777999772062 ], [ -87.570885999678325, 38.009817999675775 ], [ -87.567524999755179, 38.010472000031143 ], [ -87.565132000127704, 38.01046999984198 ], [ -87.56505699978463, 38.013980000106436 ], [ -87.560889000122629, 38.013912999777446 ], [ -87.557082999960556, 38.011830999873354 ], [ -87.554983000236035, 38.007919000094098 ], [ -87.557232999748408, 38.006401000300372 ], [ -87.558298999953351, 38.006159999828583 ], [ -87.562227000314124, 38.007368000339135 ], [ -87.563827000446466, 38.007111000093168 ], [ -87.564380999567035, 38.006234999969266 ], [ -87.564556000367517, 38.004003999827844 ], [ -87.566372000409913, 38.003356999743666 ], [ -87.567083999714214, 38.002535999921548 ], [ -87.566256000058956, 38.000041000023799 ], [ -87.566459000448546, 37.996495000324174 ], [ -87.568252000026419, 37.99475700009679 ], [ -87.573223999952532, 37.994000999815263 ], [ -87.574629000091178, 37.995383999967487 ], [ -87.574561000319122, 37.998007999996425 ] ] ] } },
{ "type": "Feature", "properties": { "AREALAND": 6263219, "AREAWATER": 201422, "BASENAME": "WARD 01 PRECINCT 16", "CENTLAT": "+37.9878412", "CENTLON": "-087.4644558", "COUNTY": "163", "FUNCSTAT": "N", "GEOID": "18163000590", "HU100": 837, "INTPTLAT": "+37.9870949", "INTPTLON": "-087.4626982", "LSADC": "00", "MTFCC": "G5240", "NAME": "WARD 01 PRECINCT 16", "OBJECTID": 138890, "OID": "2157010952343592", "POP100": 1452, "STATE": "18", "VTD": "000590", "VTDI": "A" }, "geometry": { "type": "Polygon", "coordinates": [ [ [ -87.450390000240901, 37.97668000020434 ], [ -87.474074000061691, 37.976540000207002 ], [ -87.474033999878728, 37.977992999675898 ], [ -87.475551999995304, 37.978014000338945 ], [ -87.475510999987407, 37.980602000340838 ], [ -87.482898000180654, 37.980727999749568 ], [ -87.483390000275236, 37.985894999953722 ], [ -87.482935999815467, 37.993176000120918 ], [ -87.462756000032954, 37.997699999975069 ], [ -87.449445000409781, 38.004529999950236 ], [ -87.450283000110787, 37.983674999979087 ], [ -87.450011000124206, 37.976678999648932 ], [ -87.450390000240901, 37.97668000020434 ] ] ] } },
{ "type": "Feature", "properties": { "AREALAND": 947378, "AREAWATER": 9579, "BASENAME": "WARD 06 PRECINCT 12", "CENTLAT": "+37.9571051", "CENTLON": "-087.6300077", "COUNTY": "163", "FUNCSTAT": "N", "GEOID": "18163001310", "HU100": 341, "INTPTLAT": "+37.9571931", "INTPTLON": "-087.6313244", "LSADC": "00", "MTFCC": "G5240", "NAME": "WARD 06 PRECINCT 12", "OBJECTID": 138891, "OID": "2157010952343602", "POP100": 738, "STATE": "18", "VTD": "001310", "VTDI": "A" }, "geometry": { "type": "Polygon", "coordinates": [ [ [ -87.637525000154682, 37.954232999697361 ], [ -87.637330000161, 37.959585000224671 ], [ -87.629869000347938, 37.960538000278824 ], [ -87.627081999636829, 37.960356999943052 ], [ -87.627030999583198, 37.962793000204897 ], [ -87.625829999659047, 37.962761999777037 ], [ -87.625874000039971, 37.960437999870607 ], [ -87.62350800017667, 37.960789999768608 ], [ -87.622406999811631, 37.959482999772341 ], [ -87.622455000390516, 37.958923000153717 ], [ -87.623252000083625, 37.958192000060002 ], [ -87.623370000084407, 37.957597999710664 ], [ -87.623125999686934, 37.956791000153395 ], [ -87.622210000168124, 37.95651699984613 ], [ -87.622230000259634, 37.956230999841466 ], [ -87.623284999695599, 37.956246999727455 ], [ -87.624054999624533, 37.955730000274691 ], [ -87.623714000040991, 37.95511499972266 ], [ -87.62407399989111, 37.954158999671456 ], [ -87.623673000033122, 37.953346000298097 ], [ -87.637540000223268, 37.953751000161901 ], [ -87.637525000154682, 37.954232999697361 ] ] ] } },
{ "type": "Feature", "properties": { "AREALAND": 1277364, "AREAWATER": 38159, "BASENAME": "WARD 06 PRECINCT 01", "CENTLAT": "+37.9962594", "CENTLON": "-087.5833973", "COUNTY": "163", "FUNCSTAT": "N", "GEOID": "18163001220", "HU100": 667, "INTPTLAT": "+37.9960418", "INTPTLON": "-087.5826115", "LSADC": "00", "MTFCC": "G5240", "NAME": "WARD 06 PRECINCT 01", "OBJECTID": 138975, "OID": "2157010952343652", "POP100": 1396, "STATE": "18", "VTD": "001220", "VTDI": "A" }, "geometry": { "type": "Polygon", "coordinates": [ [ [ -87.592618999737525, 37.988957000220118 ], [ -87.592202999810894, 37.989956000144986 ], [ -87.589508000059638, 37.993691000018622 ], [ -87.589133999965824, 37.995074999949054 ], [ -87.589355999723665, 37.996827999684619 ], [ -87.588979000155121, 37.998338000201983 ], [ -87.586296999924329, 38.002922000038758 ], [ -87.584316999850401, 38.00316800009125 ], [ -87.578907000256351, 38.001584999778309 ], [ -87.578298999810812, 38.001020999778063 ], [ -87.578385999849459, 37.999012999923195 ], [ -87.577875000386598, 37.997860000331457 ], [ -87.574629000091178, 37.995383999967487 ], [ -87.574720000327787, 37.992247999770434 ], [ -87.584228000161943, 37.992270000236509 ], [ -87.586308999619874, 37.991700999768462 ], [ -87.589833999574552, 37.98991800006786 ], [ -87.591085999552334, 37.988844999864533 ], [ -87.591803999602732, 37.987613000244281 ], [ -87.592477000345625, 37.988050000220518 ], [ -87.592618999737525, 37.988957000220118 ] ] ] } },
{ "type": "Feature", "properties": { "AREALAND": 880240, "AREAWATER": 0, "BASENAME": "WARD 02 PRECINCT 05", "CENTLAT": "+37.9591948", "CENTLON": "-087.5324039", "COUNTY": "163", "FUNCSTAT": "N", "GEOID": "18163000660", "HU100": 978, "INTPTLAT": "+37.9591948", "INTPTLON": "-087.5324039", "LSADC": "00", "MTFCC": "G5240", "NAME": "WARD 02 PRECINCT 05", "OBJECTID": 140468, "OID": "2157010952343774", "POP100": 1924, "STATE": "18", "VTD": "000660", "VTDI": "A" }, "geometry": { "type": "Polygon", "coordinates": [ [ [ -87.538740000136826, 37.956839000143354 ], [ -87.538591999998815, 37.962735000193405 ], [ -87.524638999594927, 37.962689999920933 ], [ -87.524729000006616, 37.960990000198422 ], [ -87.526273000062432, 37.960909000171434 ], [ -87.527377999727122, 37.95991599979309 ], [ -87.527376999902231, 37.959064999924863 ], [ -87.52537199971394, 37.959045000302886 ], [ -87.526929000188559, 37.957643999668491 ], [ -87.527022999899884, 37.955260000190009 ], [ -87.538773999573706, 37.955530999822273 ], [ -87.538740000136826, 37.956839000143354 ] ] ] } },
{ "type": "Feature", "properties": { "AREALAND": 434358, "AREAWATER": 0, "BASENAME": "WARD 04 PRECINCT 05", "CENTLAT": "+37.9749985", "CENTLON": "-087.5528168", "COUNTY": "163", "FUNCSTAT": "N", "GEOID": "18163000940", "HU100": 149, "INTPTLAT": "+37.9749985", "INTPTLON": "-087.5528168", "LSADC": "00", "MTFCC": "G5240", "NAME": "WARD 04 PRECINCT 05", "OBJECTID": 140469, "OID": "2157010952343784", "POP100": 457, "STATE": "18", "VTD": "000940", "VTDI": "A" }, "geometry": { "type": "Polygon", "coordinates": [ [ [ -87.559005000308161, 37.974595999958837 ], [ -87.558975000170932, 37.977065999724346 ], [ -87.54775099985352, 37.977259999978649 ], [ -87.547683000081449, 37.972256000063958 ], [ -87.549110999786336, 37.972276000336727 ], [ -87.549109000136511, 37.971846999911556 ], [ -87.551423000121275, 37.971869000121465 ], [ -87.551398999831818, 37.973600000184554 ], [ -87.559023999676427, 37.973695000223501 ], [ -87.559005000308161, 37.974595999958837 ] ] ] } },
{ "type": "Feature", "properties": { "AREALAND": 1015114, "AREAWATER": 41861, "BASENAME": "WARD 04 PRECINCT 02", "CENTLAT": "+37.9611491", "CENTLON": "-087.5708184", "COUNTY": "163", "FUNCSTAT": "N", "GEOID": "18163000910", "HU100": 817, "INTPTLAT": "+37.9624250", "INTPTLON": "-087.5710072", "LSADC": "00", "MTFCC": "G5240", "NAME": "WARD 04 PRECINCT 02", "OBJECTID": 140581, "OID": "2157010952343775", "POP100": 1287, "STATE": "18", "VTD": "000910", "VTDI": "A" }, "geometry": { "type": "Polygon", "coordinates": [ [ [ -87.576988000281801, 37.952286999892408 ], [ -87.575141000277256, 37.95548899979314 ], [ -87.574512999740236, 37.958295999667484 ], [ -87.574233000256058, 37.961146000339731 ], [ -87.574403999960296, 37.963576999797297 ], [ -87.575253000430251, 37.966413999656986 ], [ -87.574584999710254, 37.967484000035931 ], [ -87.573725000267942, 37.96705100002216 ], [ -87.574183999852252, 37.967617999776245 ], [ -87.571894000156945, 37.96876399977446 ], [ -87.570545999919688, 37.967101000343874 ], [ -87.56622300044701, 37.969308000253179 ], [ -87.563993000127823, 37.966538000080135 ], [ -87.564031999587556, 37.962940999782376 ], [ -87.565995999767964, 37.962919999764793 ], [ -87.565999000141019, 37.962049999828295 ], [ -87.566317000158335, 37.961858999895206 ], [ -87.568908000152533, 37.961469000228192 ], [ -87.57209900019636, 37.960228000057569 ], [ -87.572150000249977, 37.953441000335459 ], [ -87.560823999825303, 37.948760999935573 ], [ -87.566471000144119, 37.95100600033809 ], [ -87.572216000372222, 37.950819000107963 ], [ -87.572185000410073, 37.950203000025205 ], [ -87.573209999708837, 37.95022700005152 ], [ -87.573567000084196, 37.951721999724164 ], [ -87.577511000338546, 37.951661000322481 ], [ -87.576988000281801, 37.952286999892408 ] ] ] } },
{ "type": "Feature", "properties": { "AREALAND": 981399, "AREAWATER": 0, "BASENAME": "WARD 05 PRECINCT 15", "CENTLAT": "+38.0255088", "CENTLON": "-087.5753955", "COUNTY": "163", "FUNCSTAT": "N", "GEOID": "18163001190", "HU100": 493, "INTPTLAT": "+38.0255088", "INTPTLON": "-087.5753955", "LSADC": "00", "MTFCC": "G5240", "NAME": "WARD 05 PRECINCT 15", "OBJECTID": 140881, "OID": "2157010952343671", "POP100": 1023, "STATE": "18", "VTD": "001190", "VTDI": "A" }, "geometry": { "type": "Polygon", "coordinates": [ [ [ -87.581772999711845, 38.025199000126264 ], [ -87.581658000084133, 38.025524000214219 ], [ -87.580519000084266, 38.025383000135392 ], [ -87.580678999917822, 38.030712000201667 ], [ -87.573736000138609, 38.030680000345811 ], [ -87.573772000123626, 38.029078999795985 ], [ -87.570872000332926, 38.029077999955305 ], [ -87.570858000089245, 38.025253000023035 ], [ -87.568737000448309, 38.025085000134951 ], [ -87.568617999724296, 38.024450000258533 ], [ -87.567626000037521, 38.023498999907673 ], [ -87.567752000434211, 38.021268000080369 ], [ -87.580689999788476, 38.021638000156806 ], [ -87.581741999749724, 38.022097999731471 ], [ -87.581772999711845, 38.025199000126264 ] ] ] } },
{ "type": "Feature", "properties": { "AREALAND": 1525143, "AREAWATER": 21676, "BASENAME": "WARD 06 PRECINCT 15", "CENTLAT": "+37.9912875", "CENTLON": "-087.5958799", "COUNTY": "163", "FUNCSTAT": "N", "GEOID": "18163001340", "HU100": 468, "INTPTLAT": "+37.9956814", "INTPTLON": "-087.5966402", "LSADC": "00", "MTFCC": "G5240", "NAME": "WARD 06 PRECINCT 15", "OBJECTID": 141015, "OID": "2157010952343785", "POP100": 745, "STATE": "18", "VTD": "001340", "VTDI": "A" }, "geometry": { "type": "Polygon", "coordinates": [ [ [ -87.600532000360516, 37.981529000237764 ], [ -87.600005000105824, 38.000690000091268 ], [ -87.593094000113666, 38.000196999997179 ], [ -87.592028999733643, 37.999399000179672 ], [ -87.593931999814671, 37.999419999671368 ], [ -87.594661999560628, 38.000174000257914 ], [ -87.594931999897369, 37.999611999801566 ], [ -87.593550000223246, 37.998717000103447 ], [ -87.592647000224929, 37.997552999959368 ], [ -87.589342000378281, 37.996604000183474 ], [ -87.589219000354632, 37.99606099984927 ], [ -87.589133999965824, 37.995074999949054 ], [ -87.589569000159017, 37.99355699973755 ], [ -87.592202999810894, 37.989956000144986 ], [ -87.592618999737525, 37.988957000220118 ], [ -87.592477000345625, 37.988050000220518 ], [ -87.591282000269231, 37.987204999703927 ], [ -87.589953000298564, 37.98443399969532 ], [ -87.591787999709211, 37.984164000273346 ], [ -87.597177000285157, 37.984215000012149 ], [ -87.597241999684172, 37.980586999891045 ], [ -87.600532000360516, 37.980548000123385 ], [ -87.600532000360516, 37.981529000237764 ] ] ] } },
{ "type": "Feature", "properties": { "AREALAND": 40346432, "AREAWATER": 0, "BASENAME": "SCOTT PRECINCT 03", "CENTLAT": "+38.1365572", "CENTLON": "-087.5643820", "COUNTY": "163", "FUNCSTAT": "N", "GEOID": "18163000430", "HU100": 803, "INTPTLAT": "+38.1365572", "INTPTLON": "-087.5643820", "LSADC": "00", "MTFCC": "G5240", "NAME": "SCOTT PRECINCT 03", "OBJECTID": 141271, "OID": "2157010952343731", "POP100": 2153, "STATE": "18", "VTD": "000430", "VTDI": "A" }, "geometry": { "type": "Polygon", "coordinates": [ [ [ -87.530333999594305, 38.16600799996236 ], [ -87.529819999758416, 38.163873000140427 ], [ -87.526099999810071, 38.130149999868635 ], [ -87.527186999931416, 38.124784999684984 ], [ -87.52927999998326, 38.121457999671492 ], [ -87.529454000060525, 38.118145999858605 ], [ -87.530244999905861, 38.116997000207732 ], [ -87.531142999881311, 38.116191999686542 ], [ -87.533631999768261, 38.114873000047645 ], [ -87.539269000041344, 38.112841999997002 ], [ -87.540994999672051, 38.111544999920945 ], [ -87.544375999686679, 38.11052199990894 ], [ -87.549561000048115, 38.10796200001645 ], [ -87.576831999747867, 38.108365000176413 ], [ -87.576413000346534, 38.104643000146467 ], [ -87.579314999787059, 38.099373000343832 ], [ -87.58380700021246, 38.099866000305163 ], [ -87.588860000329419, 38.098077999988305 ], [ -87.597609999930214, 38.098101000093799 ], [ -87.597075000177909, 38.12083499988514 ], [ -87.597260999950748, 38.124505999966942 ], [ -87.59668199981752, 38.167454999678377 ], [ -87.577996999687016, 38.167425999820182 ], [ -87.577958000227284, 38.166929000165126 ], [ -87.536185000127631, 38.166911000222072 ], [ -87.530742000023309, 38.166671000085273 ], [ -87.530333999594305, 38.16600799996236 ] ] ] } },
{ "type": "Feature", "properties": { "AREALAND": 4457755, "AREAWATER": 30366, "BASENAME": "PERRY PRECINCT 05", "CENTLAT": "+37.9646320", "CENTLON": "-087.6507705", "COUNTY": "163", "FUNCSTAT": "N", "GEOID": "18163000320", "HU100": 1261, "INTPTLAT": "+37.9627515", "INTPTLON": "-087.6479926", "LSADC": "00", "MTFCC": "G5240", "NAME": "PERRY PRECINCT 05", "OBJECTID": 141416, "OID": "2157010952343594", "POP100": 1945, "STATE": "18", "VTD": "000320", "VTDI": "A" }, "geometry": { "type": "Polygon", "coordinates": [ [ [ -87.664398000369474, 37.951110000203286 ], [ -87.663957000328509, 37.969768000251648 ], [ -87.644745999768233, 37.97485400000442 ], [ -87.636930999952838, 37.976402000352905 ], [ -87.637330000161, 37.959585000224671 ], [ -87.646345999900561, 37.957019999941423 ], [ -87.653011999670341, 37.956862000009366 ], [ -87.657900999755782, 37.95476599997901 ], [ -87.661269000249931, 37.951661000322481 ], [ -87.66424799968334, 37.950279999698196 ], [ -87.664398000369474, 37.951110000203286 ] ] ] } },
{ "type": "Feature", "properties": { "AREALAND": 4197478, "AREAWATER": 23912, "BASENAME": "GERMAN PRECINCT 06", "CENTLAT": "+38.0126182", "CENTLON": "-087.6443028", "COUNTY": "163", "FUNCSTAT": "N", "GEOID": "18163000220", "HU100": 330, "INTPTLAT": "+38.0108656", "INTPTLON": "-087.6442467", "LSADC": "00", "MTFCC": "G5240", "NAME": "GERMAN PRECINCT 06", "OBJECTID": 141588, "OID": "2157010952343591", "POP100": 808, "STATE": "18", "VTD": "000220", "VTDI": "A" }, "geometry": { "type": "Polygon", "coordinates": [ [ [ -87.672279000307128, 38.010006999881114 ], [ -87.672154999560249, 38.015540999773279 ], [ -87.64963700040181, 38.015618000273797 ], [ -87.649384999608429, 38.015753999921678 ], [ -87.649239000018554, 38.016982000281764 ], [ -87.647578999611781, 38.015728000039758 ], [ -87.645612999781548, 38.015534000302821 ], [ -87.640820999780487, 38.016349000279575 ], [ -87.640578999931137, 38.017635999707174 ], [ -87.638900000156099, 38.020614999761648 ], [ -87.634022999766231, 38.02029099979864 ], [ -87.631395999787003, 38.019369999871451 ], [ -87.618988000162176, 38.011780000224881 ], [ -87.617736000184379, 38.010453999742303 ], [ -87.616507999597744, 38.007889999874962 ], [ -87.633337000401184, 38.008451999882226 ], [ -87.672301999873341, 38.008329999745477 ], [ -87.672279000307128, 38.010006999881114 ] ] ] } },
{ "type": "Feature", "properties": { "AREALAND": 1927497, "AREAWATER": 25663, "BASENAME": "WARD 06 PRECINCT 09", "CENTLAT": "+37.9622882", "CENTLON": "-087.6164528", "COUNTY": "163", "FUNCSTAT": "N", "GEOID": "18163001290", "HU100": 584, "INTPTLAT": "+37.9665928", "INTPTLON": "-087.6148819", "LSADC": "00", "MTFCC": "G5240", "NAME": "WARD 06 PRECINCT 09", "OBJECTID": 141589, "OID": "2157010952343601", "POP100": 1254, "STATE": "18", "VTD": "001290", "VTDI": "A" }, "geometry": { "type": "Polygon", "coordinates": [ [ [ -87.624123000294901, 37.962295000201756 ], [ -87.621694999609005, 37.963033000058516 ], [ -87.620764999846514, 37.963649000200242 ], [ -87.620249000360786, 37.968693000094142 ], [ -87.620647999670638, 37.97141799981199 ], [ -87.609902999927328, 37.971327999968175 ], [ -87.610277999846048, 37.957568000030619 ], [ -87.616314000327293, 37.953599999996278 ], [ -87.617034999852436, 37.953159999817096 ], [ -87.623673000033122, 37.953346000298097 ], [ -87.62407399989111, 37.954158999671456 ], [ -87.623714000040991, 37.95511499972266 ], [ -87.624054999624533, 37.955730000274691 ], [ -87.623284999695599, 37.956246999727455 ], [ -87.622278999765101, 37.956186999959812 ], [ -87.622210000168124, 37.95651699984613 ], [ -87.622973000424366, 37.956648000115408 ], [ -87.623355000015792, 37.957416999920412 ], [ -87.623252000083625, 37.958192000060002 ], [ -87.622455000390516, 37.958923000153717 ], [ -87.622406999811631, 37.959482999772341 ], [ -87.623746999652951, 37.961174999916359 ], [ -87.624123000294901, 37.962295000201756 ] ] ] } },
{ "type": "Feature", "properties": { "AREALAND": 612254, "AREAWATER": 56816, "BASENAME": "WARD 01 PRECINCT 07", "CENTLAT": "+37.9730698", "CENTLON": "-087.4548618", "COUNTY": "163", "FUNCSTAT": "N", "GEOID": "18163000520", "HU100": 647, "INTPTLAT": "+37.9721437", "INTPTLON": "-087.4553521", "LSADC": "00", "MTFCC": "G5240", "NAME": "WARD 01 PRECINCT 07", "OBJECTID": 141590, "OID": "2157010952343631", "POP100": 1040, "STATE": "18", "VTD": "000520", "VTDI": "A" }, "geometry": { "type": "Polygon", "coordinates": [ [ [ -87.450405000309516, 37.969473999883014 ], [ -87.459641999982011, 37.969428000253529 ], [ -87.459573000385049, 37.976658999867709 ], [ -87.450011000124206, 37.976678999648932 ], [ -87.450203999569737, 37.969471000046603 ], [ -87.450405000309516, 37.969473999883014 ] ] ] } },
{ "type": "Feature", "properties": { "AREALAND": 14835072, "AREAWATER": 132162, "BASENAME": "GERMAN PRECINCT 03", "CENTLAT": "+38.0746356", "CENTLON": "-087.6168404", "COUNTY": "163", "FUNCSTAT": "N", "GEOID": "18163000190", "HU100": 457, "INTPTLAT": "+38.0673144", "INTPTLON": "-087.6165709", "LSADC": "00", "MTFCC": "G5240", "NAME": "GERMAN PRECINCT 03", "OBJECTID": 141673, "OID": "2157010952343679", "POP100": 1081, "STATE": "18", "VTD": "000190", "VTDI": "A" }, "geometry": { "type": "Polygon", "coordinates": [ [ [ -87.642004999986185, 38.072615999705803 ], [ -87.640773000099884, 38.078264999684365 ], [ -87.641374999799353, 38.080522999797189 ], [ -87.634626000188888, 38.080407999824594 ], [ -87.634642999907328, 38.094811000231203 ], [ -87.59775399987025, 38.094379999994068 ], [ -87.598711000295253, 38.046173999882939 ], [ -87.604664000037502, 38.048914000290765 ], [ -87.607503999553742, 38.05125099985424 ], [ -87.60888399957804, 38.053156999899727 ], [ -87.610431000006912, 38.054509999785715 ], [ -87.6107880003823, 38.057398000098118 ], [ -87.611421000043876, 38.058095000327889 ], [ -87.612416000103721, 38.058079000018566 ], [ -87.618983000139295, 38.055748000284922 ], [ -87.622896000431481, 38.057554999801553 ], [ -87.624338000380078, 38.059359000273545 ], [ -87.625263000119702, 38.059839999764669 ], [ -87.634712000402601, 38.059996999887609 ], [ -87.63827499999212, 38.060987999778625 ], [ -87.637270999711461, 38.063689000063562 ], [ -87.637370000343964, 38.066559000306377 ], [ -87.641565999595059, 38.071298999767428 ], [ -87.642004999986185, 38.072615999705803 ] ] ] } },
{ "type": "Feature", "properties": { "AREALAND": 1446139, "AREAWATER": 21362, "BASENAME": "KNIGHT PRECINCT 02", "CENTLAT": "+37.9513171", "CENTLON": "-087.4610536", "COUNTY": "163", "FUNCSTAT": "N", "GEOID": "18163000250", "HU100": 516, "INTPTLAT": "+37.9505647", "INTPTLON": "-087.4647789", "LSADC": "00", "MTFCC": "G5240", "NAME": "KNIGHT PRECINCT 02", "OBJECTID": 151924, "OID": "2157010952343688", "POP100": 1236, "STATE": "18", "VTD": "000250", "VTDI": "A" }, "geometry": { "type": "Polygon", "coordinates": [ [ [ -87.451616000279415, 37.947767999667406 ], [ -87.468015999839167, 37.947703000265513 ], [ -87.471200000210288, 37.947357000050992 ], [ -87.471746999658137, 37.947657999991932 ], [ -87.470954999987896, 37.948462000017862 ], [ -87.471391999830914, 37.949173999934033 ], [ -87.471396000028861, 37.950379000272335 ], [ -87.472422000050855, 37.950813999818756 ], [ -87.471996999903396, 37.95165399971436 ], [ -87.471442000059625, 37.951646999813931 ], [ -87.471379000310435, 37.954822000327596 ], [ -87.450570000165953, 37.955037000017192 ], [ -87.450707000433312, 37.947762999878947 ], [ -87.451616000279415, 37.947767999667406 ] ] ] } },
{ "type": "Feature", "properties": { "AREALAND": 8988712, "AREAWATER": 102253, "BASENAME": "SCOTT PRECINCT 04", "CENTLAT": "+38.0917760", "CENTLON": "-087.5759471", "COUNTY": "163", "FUNCSTAT": "N", "GEOID": "18163000440", "HU100": 443, "INTPTLAT": "+38.0913709", "INTPTLON": "-087.5768445", "LSADC": "00", "MTFCC": "G5240", "NAME": "SCOTT PRECINCT 04", "OBJECTID": 151925, "OID": "2157010952343728", "POP100": 1092, "STATE": "18", "VTD": "000440", "VTDI": "A" }, "geometry": { "type": "Polygon", "coordinates": [ [ [ -87.597963999932531, 38.082760999654788 ], [ -87.597609999930214, 38.098101000093799 ], [ -87.588860000329419, 38.098077999988305 ], [ -87.58380700021246, 38.099866000305163 ], [ -87.579314999787059, 38.099373000343832 ], [ -87.576413000346534, 38.104643000146467 ], [ -87.576831999747867, 38.108365000176413 ], [ -87.559731999681105, 38.108203999989826 ], [ -87.557779000269647, 38.085534999963855 ], [ -87.555839000378697, 38.079485000318925 ], [ -87.598031999704602, 38.080050999895107 ], [ -87.597963999932531, 38.082760999654788 ] ] ] } },
{ "type": "Feature", "properties": { "AREALAND": 861173, "AREAWATER": 0, "BASENAME": "WARD 02 PRECINCT 17", "CENTLAT": "+37.9682249", "CENTLON": "-087.5169608", "COUNTY": "163", "FUNCSTAT": "N", "GEOID": "18163000750", "HU100": 543, "INTPTLAT": "+37.9682249", "INTPTLON": "-087.5169608", "LSADC": "00", "MTFCC": "G5240", "NAME": "WARD 02 PRECINCT 17", "OBJECTID": 152003, "OID": "2157010952343778", "POP100": 1202, "STATE": "18", "VTD": "000750", "VTDI": "A" }, "geometry": { "type": "Polygon", "coordinates": [ [ [ -87.523991999689642, 37.973496000299093 ], [ -87.516222000080077, 37.973435999753455 ], [ -87.516221000255157, 37.969801999669123 ], [ -87.511015999802225, 37.969759000069971 ], [ -87.511172000336131, 37.962456999941907 ], [ -87.517396000240055, 37.962607000274566 ], [ -87.517329000292904, 37.965281999842567 ], [ -87.520308999551204, 37.965304999897413 ], [ -87.520192000273667, 37.969836999719547 ], [ -87.52441000016438, 37.969877000161418 ], [ -87.524400999943552, 37.972729000134251 ], [ -87.524739999877269, 37.973504000132124 ], [ -87.523991999689642, 37.973496000299093 ] ] ] } },
{ "type": "Feature", "properties": { "AREALAND": 1923324, "AREAWATER": 526, "BASENAME": "WARD 06 PRECINCT 11", "CENTLAT": "+37.9745766", "CENTLON": "-087.6233851", "COUNTY": "163", "FUNCSTAT": "N", "GEOID": "18163001300", "HU100": 1121, "INTPTLAT": "+37.9742407", "INTPTLON": "-087.6242968", "LSADC": "00", "MTFCC": "G5240", "NAME": "WARD 06 PRECINCT 11", "OBJECTID": 152977, "OID": "2157010952343596", "POP100": 2000, "STATE": "18", "VTD": "001300", "VTDI": "A" }, "geometry": { "type": "Polygon", "coordinates": [ [ [ -87.636954000417361, 37.977763000315605 ], [ -87.636824999647615, 37.979539999864222 ], [ -87.622396999765897, 37.978806000221219 ], [ -87.619577000341138, 37.976442000049978 ], [ -87.61954899985372, 37.977604999697043 ], [ -87.613133000329199, 37.977455000265067 ], [ -87.609737000245971, 37.978052000208407 ], [ -87.609902999927328, 37.971327999968175 ], [ -87.620647999670638, 37.97141799981199 ], [ -87.620319999607588, 37.970484000155359 ], [ -87.620338999874164, 37.96757199969214 ], [ -87.625735999947707, 37.967852000343065 ], [ -87.625710999833345, 37.971615999788156 ], [ -87.633067999889349, 37.971902000069846 ], [ -87.633128999988728, 37.972730999936431 ], [ -87.633647999847483, 37.973490000246777 ], [ -87.63680600027935, 37.97496599976386 ], [ -87.636954000417361, 37.977763000315605 ] ] ] } },
{ "type": "Feature", "properties": { "AREALAND": 1322796, "AREAWATER": 8467, "BASENAME": "WARD 03 PRECINCT 09", "CENTLAT": "+37.9908659", "CENTLON": "-087.5191747", "COUNTY": "163", "FUNCSTAT": "N", "GEOID": "18163000820", "HU100": 639, "INTPTLAT": "+37.9907006", "INTPTLON": "-087.5189983", "LSADC": "00", "MTFCC": "G5240", "NAME": "WARD 03 PRECINCT 09", "OBJECTID": 152978, "OID": "2157010952343606", "POP100": 1213, "STATE": "18", "VTD": "000820", "VTDI": "A" }, "geometry": { "type": "Polygon", "coordinates": [ [ [ -87.527728000429818, 37.997961999845522 ], [ -87.527432000153809, 37.997947000113264 ], [ -87.526890999655407, 37.996901999887776 ], [ -87.523820000160498, 37.995710999765166 ], [ -87.521846999759262, 37.995420000153018 ], [ -87.520003000127787, 37.995731000017216 ], [ -87.520034999914841, 37.991581999720978 ], [ -87.506337999603971, 37.991369000141489 ], [ -87.506303000342186, 37.991044999764846 ], [ -87.502283999744805, 37.98923600033082 ], [ -87.520118999580419, 37.985772999814387 ], [ -87.520094000364381, 37.98796900031288 ], [ -87.529238999975362, 37.988091000340653 ], [ -87.529234999777401, 37.988742999707966 ], [ -87.52685300002058, 37.990719999717193 ], [ -87.526386999865252, 37.99165400026655 ], [ -87.529157999784516, 37.991692999795099 ], [ -87.529100000058207, 37.997183000065291 ], [ -87.529720000199305, 37.998057999758309 ], [ -87.527728000429818, 37.997961999845522 ] ] ] } },
{ "type": "Feature", "properties": { "AREALAND": 4725240, "AREAWATER": 75265, "BASENAME": "KNIGHT PRECINCT 03", "CENTLAT": "+38.0240353", "CENTLON": "-087.4608078", "COUNTY": "163", "FUNCSTAT": "N", "GEOID": "18163000260", "HU100": 60, "INTPTLAT": "+38.0242958", "INTPTLON": "-087.4655660", "LSADC": "00", "MTFCC": "G5240", "NAME": "KNIGHT PRECINCT 03", "OBJECTID": 152979, "OID": "2157010952343626", "POP100": 109, "STATE": "18", "VTD": "000260", "VTDI": "A" }, "geometry": { "type": "Polygon", "coordinates": [ [ [ -87.450151999691215, 38.012751000344601 ], [ -87.468937000279155, 38.012575000286034 ], [ -87.470426000083393, 38.020125999745325 ], [ -87.473592999837777, 38.020265000110825 ], [ -87.473588999639802, 38.027277999971552 ], [ -87.472176000003543, 38.02746699973401 ], [ -87.472929000214052, 38.032494000182801 ], [ -87.471713000221271, 38.032678000267133 ], [ -87.470705999567556, 38.033281000157579 ], [ -87.470688000024211, 38.035023000336665 ], [ -87.44986700018417, 38.035170000218578 ], [ -87.450027000017741, 38.030650999933691 ], [ -87.449556999664466, 38.012762000334241 ], [ -87.450151999691215, 38.012751000344601 ] ] ] } },
{ "type": "Feature", "properties": { "AREALAND": 21355853, "AREAWATER": 896114, "BASENAME": "PERRY PRECINCT 06", "CENTLAT": "+37.9359887", "CENTLON": "-087.6658828", "COUNTY": "163", "FUNCSTAT": "N", "GEOID": "18163000330", "HU100": 440, "INTPTLAT": "+37.9418089", "INTPTLON": "-087.6644301", "LSADC": "00", "MTFCC": "G5240", "NAME": "PERRY PRECINCT 06", "OBJECTID": 153603, "OID": "2157010952343604", "POP100": 1031, "STATE": "18", "VTD": "000330", "VTDI": "A" }, "geometry": { "type": "Polygon", "coordinates": [ [ [ -87.700704999900267, 37.897789000314042 ], [ -87.700467000248906, 37.898890000254632 ], [ -87.699955000062829, 37.926197999767894 ], [ -87.699601999885402, 37.929394999669427 ], [ -87.699396000021068, 37.948966000242166 ], [ -87.678947999551625, 37.949419000048643 ], [ -87.677840000412203, 37.949698999786307 ], [ -87.674856999882522, 37.94827599992184 ], [ -87.673573999942604, 37.949266999966724 ], [ -87.672192000268467, 37.949721000256844 ], [ -87.666303999925248, 37.949349999812725 ], [ -87.661162999944722, 37.95172500028567 ], [ -87.659111999725681, 37.953895999780144 ], [ -87.657631000317366, 37.95493300004496 ], [ -87.653222999557528, 37.956788999917002 ], [ -87.651816999593976, 37.957049999845296 ], [ -87.646345999900561, 37.957019999941423 ], [ -87.637330000161, 37.959585000224671 ], [ -87.637540000223268, 37.953751000161901 ], [ -87.617034999852436, 37.953159999817096 ], [ -87.610277999846048, 37.957568000030619 ], [ -87.610615999954845, 37.944538000253914 ], [ -87.622428999552952, 37.936203000072972 ], [ -87.617403999923368, 37.938269999646351 ], [ -87.618132999844406, 37.935112000091358 ], [ -87.618733999718955, 37.933928000014262 ], [ -87.620867999778682, 37.931424999948426 ], [ -87.623520999697149, 37.930747000020986 ], [ -87.626057000338065, 37.933522999995695 ], [ -87.627371000240132, 37.934397999818927 ], [ -87.627551000165184, 37.935122999677148 ], [ -87.627362999844223, 37.936380999929732 ], [ -87.626370000332528, 37.938028999984347 ], [ -87.626701999695229, 37.939111000199169 ], [ -87.625874000039971, 37.941352999747778 ], [ -87.62476500017732, 37.942434000303599 ], [ -87.624807000010122, 37.943098000105408 ], [ -87.623914000057539, 37.944505000051379 ], [ -87.621015000091759, 37.946831000211112 ], [ -87.621119999673752, 37.947215000314486 ], [ -87.621634000407965, 37.947528000227578 ], [ -87.622416999857364, 37.94739599974104 ], [ -87.625903000352295, 37.949165000061697 ], [ -87.626341000020204, 37.947847000247215 ], [ -87.627285000026419, 37.947022999805249 ], [ -87.629774999738274, 37.947996999957539 ], [ -87.631774000078792, 37.946739999730184 ], [ -87.63225399957949, 37.945531000253595 ], [ -87.632863999674854, 37.945706999649722 ], [ -87.633640000349885, 37.947235000323893 ], [ -87.634688000113172, 37.947571000093376 ], [ -87.63584600037963, 37.947301999926232 ], [ -87.638012000226382, 37.946319000257404 ], [ -87.639470000068499, 37.943925000104421 ], [ -87.639346000219945, 37.942830999764745 ], [ -87.638300000106469, 37.940916000194925 ], [ -87.638372999901392, 37.940575999810626 ], [ -87.638946000186849, 37.94042300022263 ], [ -87.641512000066697, 37.94095400013601 ], [ -87.641958999955435, 37.940080000062871 ], [ -87.641568000143195, 37.93845499990617 ], [ -87.642184000086345, 37.938189000071546 ], [ -87.64290799998453, 37.938502000173749 ], [ -87.643470000399304, 37.938273999710553 ], [ -87.643210999933231, 37.936529000294357 ], [ -87.642517999997182, 37.935146999669406 ], [ -87.644293000031695, 37.930475999669909 ], [ -87.647260999594437, 37.928920999899731 ], [ -87.649719000417576, 37.928261999969138 ], [ -87.650106000031855, 37.92783400017931 ], [ -87.650210999613847, 37.927008000335597 ], [ -87.651532999911836, 37.927536999761521 ], [ -87.652425999864406, 37.92837200033383 ], [ -87.655103999897264, 37.929030999986999 ], [ -87.655990000177155, 37.929024999844778 ], [ -87.657381000072107, 37.928280999670278 ], [ -87.659339000404714, 37.928755000023223 ], [ -87.660422000328097, 37.927762999907046 ], [ -87.663706000258344, 37.926317000223243 ], [ -87.666392999613691, 37.923887999793024 ], [ -87.666850000446516, 37.922512000303321 ], [ -87.668889999896578, 37.92246399985634 ], [ -87.670300999883011, 37.922069999875568 ], [ -87.672400999607532, 37.919657000240512 ], [ -87.673111000160333, 37.919595999735037 ], [ -87.673613000300662, 37.919986999774402 ], [ -87.67286699976286, 37.922124999749649 ], [ -87.673159999665813, 37.922539999663741 ], [ -87.67385900034796, 37.922542000123826 ], [ -87.676698000039281, 37.921008999652756 ], [ -87.678520999754383, 37.919532000137806 ], [ -87.679432999973528, 37.918474999874896 ], [ -87.679818999762901, 37.917183999666889 ], [ -87.682832000429812, 37.916036000160844 ], [ -87.6853940001117, 37.916511000029324 ], [ -87.684855000161448, 37.915268000289643 ], [ -87.685267999715009, 37.914853999718126 ], [ -87.686550999654941, 37.9157160003031 ], [ -87.688546999622375, 37.915688999730968 ], [ -87.689006999929916, 37.91504399996839 ], [ -87.687339999850437, 37.913580999698169 ], [ -87.68722299967456, 37.912397000177464 ], [ -87.690011000210575, 37.909578999937764 ], [ -87.690354000342253, 37.907970000136324 ], [ -87.688749000187059, 37.906113999932579 ], [ -87.688125999672891, 37.904828999674272 ], [ -87.685872999787506, 37.904794999958419 ], [ -87.684989999880671, 37.904206000303233 ], [ -87.684652999596764, 37.903521000117884 ], [ -87.688177999551442, 37.902697999839148 ], [ -87.69678999995827, 37.898522999977772 ], [ -87.700786000091128, 37.897419999784091 ], [ -87.700704999900267, 37.897789000314042 ] ] ] } },
{ "type": "Feature", "properties": { "AREALAND": 1028126, "AREAWATER": 0, "BASENAME": "WARD 01 PRECINCT 06", "CENTLAT": "+37.9729857", "CENTLON": "-087.4669118", "COUNTY": "163", "FUNCSTAT": "N", "GEOID": "18163000510", "HU100": 442, "INTPTLAT": "+37.9729857", "INTPTLON": "-087.4669118", "LSADC": "00", "MTFCC": "G5240", "NAME": "WARD 01 PRECINCT 06", "OBJECTID": 153604, "OID": "2157010952343611", "POP100": 1097, "STATE": "18", "VTD": "000510", "VTDI": "A" }, "geometry": { "type": "Polygon", "coordinates": [ [ [ -87.474274999903145, 37.971969999745106 ], [ -87.474074000061691, 37.976540000207002 ], [ -87.459573000385049, 37.976658999867709 ], [ -87.459641999982011, 37.969428000253529 ], [ -87.474293000344815, 37.969354999904922 ], [ -87.474274999903145, 37.971969999745106 ] ] ] } },
{ "type": "Feature", "properties": { "AREALAND": 453022, "AREAWATER": 0, "BASENAME": "WARD 06 PRECINCT 13", "CENTLAT": "+37.9799422", "CENTLON": "-087.6147142", "COUNTY": "163", "FUNCSTAT": "N", "GEOID": "18163001320", "HU100": 426, "INTPTLAT": "+37.9799422", "INTPTLON": "-087.6147142", "LSADC": "00", "MTFCC": "G5240", "NAME": "WARD 06 PRECINCT 13", "OBJECTID": 153605, "OID": "2157010952343612", "POP100": 891, "STATE": "18", "VTD": "001320", "VTDI": "A" }, "geometry": { "type": "Polygon", "coordinates": [ [ [ -87.619533999785105, 37.978201999836486 ], [ -87.619362000255975, 37.982994000030267 ], [ -87.618330000386209, 37.982634999890031 ], [ -87.618532000052582, 37.982344999865042 ], [ -87.60962400026807, 37.982186999906283 ], [ -87.609737000245971, 37.978052000208407 ], [ -87.613133000329199, 37.977455000265067 ], [ -87.618926000237892, 37.977505999709784 ], [ -87.61954899985372, 37.977604999697043 ], [ -87.619533999785105, 37.978201999836486 ] ] ] } },
{ "type": "Feature", "properties": { "AREALAND": 5114009, "AREAWATER": 119717, "BASENAME": "PERRY PRECINCT 02", "CENTLAT": "+37.9949126", "CENTLON": "-087.6585672", "COUNTY": "163", "FUNCSTAT": "N", "GEOID": "18163000290", "HU100": 392, "INTPTLAT": "+37.9961980", "INTPTLON": "-087.6618045", "LSADC": "00", "MTFCC": "G5240", "NAME": "PERRY PRECINCT 02", "OBJECTID": 153674, "OID": "2157010952343614", "POP100": 945, "STATE": "18", "VTD": "000290", "VTDI": "A" }, "geometry": { "type": "Polygon", "coordinates": [ [ [ -87.672409000003455, 38.000210999742627 ], [ -87.672301999873341, 38.008329999745477 ], [ -87.650512999737643, 38.008489000144635 ], [ -87.651548999805357, 38.006080999701197 ], [ -87.654046999913149, 38.004571000060984 ], [ -87.653326000388006, 38.002830000209912 ], [ -87.652213000327407, 38.001534000080923 ], [ -87.649834000045317, 38.001176000276914 ], [ -87.649858000334746, 37.995104999877313 ], [ -87.647087000415496, 37.99053100006423 ], [ -87.643169999925334, 37.990439000266733 ], [ -87.643395000056245, 37.989028999802159 ], [ -87.644853999723253, 37.988556999682139 ], [ -87.645709000041009, 37.987916999949178 ], [ -87.645795000254736, 37.982368000238502 ], [ -87.648515000120369, 37.981876999751577 ], [ -87.651963999907068, 37.980092000321797 ], [ -87.654651000160726, 37.980726000165212 ], [ -87.657027000069775, 37.9808080000711 ], [ -87.659274000107388, 37.979911000040495 ], [ -87.663785999725974, 37.979897999764461 ], [ -87.663785999725974, 37.984039999885972 ], [ -87.666534999903931, 37.987227999969988 ], [ -87.666076000319606, 37.988434000034111 ], [ -87.664752000371806, 37.988848000325099 ], [ -87.663717000128997, 37.990013000223669 ], [ -87.663527000158197, 37.992262999960225 ], [ -87.662611999565982, 37.992429000062323 ], [ -87.663600999778041, 37.992959000296452 ], [ -87.664732000280324, 37.994263000156444 ], [ -87.666129999847982, 37.995225000175587 ], [ -87.672467999554684, 37.997799000325244 ], [ -87.672409000003455, 38.000210999742627 ] ] ] } },
{ "type": "Feature", "properties": { "AREALAND": 923127, "AREAWATER": 0, "BASENAME": "WARD 01 PRECINCT 15", "CENTLAT": "+37.9589458", "CENTLON": "-087.4720598", "COUNTY": "163", "FUNCSTAT": "N", "GEOID": "18163000580", "HU100": 384, "INTPTLAT": "+37.9589458", "INTPTLON": "-087.4720598", "LSADC": "00", "MTFCC": "G5240", "NAME": "WARD 01 PRECINCT 15", "OBJECTID": 153675, "OID": "2157010952343615", "POP100": 983, "STATE": "18", "VTD": "000580", "VTDI": "A" }, "geometry": { "type": "Polygon", "coordinates": [ [ [ -87.477903999614909, 37.956798999681702 ], [ -87.477790999637008, 37.962195000061307 ], [ -87.474382000033273, 37.962126999831376 ], [ -87.47430800041343, 37.965621999918831 ], [ -87.465933999657977, 37.960271000280656 ], [ -87.464558999656546, 37.959796999906018 ], [ -87.464613000083233, 37.958102999686425 ], [ -87.465902999695842, 37.958079000108363 ], [ -87.466569999692624, 37.957746999946814 ], [ -87.466706000135048, 37.954842999827576 ], [ -87.477928999729258, 37.954852999857167 ], [ -87.477903999614909, 37.956798999681702 ] ] ] } },
{ "type": "Feature", "properties": { "AREALAND": 7930407, "AREAWATER": 0, "BASENAME": "PERRY PRECINCT 01", "CENTLAT": "+37.9940723", "CENTLON": "-087.6829569", "COUNTY": "163", "FUNCSTAT": "N", "GEOID": "18163000280", "HU100": 490, "INTPTLAT": "+37.9940723", "INTPTLON": "-087.6829569", "LSADC": "00", "MTFCC": "G5240", "NAME": "PERRY PRECINCT 01", "OBJECTID": 153676, "OID": "2157010952343616", "POP100": 1252, "STATE": "18", "VTD": "000280", "VTDI": "A" }, "geometry": { "type": "Polygon", "coordinates": [ [ [ -87.698876000337407, 37.980535999754949 ], [ -87.698273999739641, 38.008330999869258 ], [ -87.672301999873341, 38.008329999745477 ], [ -87.672467999554684, 37.997799000325244 ], [ -87.666129999847982, 37.995225000175587 ], [ -87.664732000280324, 37.994263000156444 ], [ -87.663600999778041, 37.992959000296452 ], [ -87.662611999565982, 37.992429000062323 ], [ -87.663527000158197, 37.992262999960225 ], [ -87.663717000128997, 37.990013000223669 ], [ -87.664752000371806, 37.988848000325099 ], [ -87.666076000319606, 37.988434000034111 ], [ -87.666534999903931, 37.987227999969988 ], [ -87.663785999725974, 37.984039999885972 ], [ -87.663785999725974, 37.979897999764461 ], [ -87.667495999628571, 37.979960000297631 ], [ -87.672261999690363, 37.981202000240579 ], [ -87.674892999867538, 37.982307000094281 ], [ -87.681383999735132, 37.982492999679188 ], [ -87.685840000175531, 37.983344999654655 ], [ -87.687799000333072, 37.98334999985299 ], [ -87.694116999948292, 37.980730999833987 ], [ -87.698876000337407, 37.980535999754949 ] ] ] } },
{ "type": "Feature", "properties": { "AREALAND": 718266, "AREAWATER": 0, "BASENAME": "WARD 02 PRECINCT 02", "CENTLAT": "+37.9514799", "CENTLON": "-087.5038185", "COUNTY": "163", "FUNCSTAT": "N", "GEOID": "18163000630", "HU100": 514, "INTPTLAT": "+37.9514799", "INTPTLON": "-087.5038185", "LSADC": "00", "MTFCC": "G5240", "NAME": "WARD 02 PRECINCT 02", "OBJECTID": 153677, "OID": "2157010952343617", "POP100": 1123, "STATE": "18", "VTD": "000630", "VTDI": "A" }, "geometry": { "type": "Polygon", "coordinates": [ [ [ -87.50901399998699, 37.949475000223188 ], [ -87.508962000108468, 37.955059999739191 ], [ -87.498587000260997, 37.955009000284328 ], [ -87.498725000353261, 37.947865000313591 ], [ -87.509028000230686, 37.947968999666521 ], [ -87.50901399998699, 37.949475000223188 ] ] ] } }
]
}
